Event,Run Date,Run Number,Pos,Time,Age Grade,PB?
Temple Newsam,Sat Mar 10 2018 00:00:00 GMT+0000 (Greenwich Mean Time),263,111,Sat Dec 30 1899 00:29:13 GMT+0000 (Greenwich Mean Time),0.4706,
Temple Newsam,Sat Apr 21 2018 00:00:00 GMT+0100 (British Summer Time),268,62,Sat Dec 30 1899 00:26:26 GMT+0000 (Greenwich Mean Time),0.5202,PB
Crissy Field,Sat Apr 28 2018 00:00:00 GMT+0100 (British Summer Time),170,36,Sat Dec 30 1899 00:24:31 GMT+0000 (Greenwich Mean Time),0.5608,
Middleton Woods,Sat May 12 2018 00:00:00 GMT+0100 (British Summer Time),3,33,Sat Dec 30 1899 00:26:47 GMT+0000 (Greenwich Mean Time),0.5134,
Temple Newsam,Sat May 26 2018 00:00:00 GMT+0100 (British Summer Time),272,54,Sat Dec 30 1899 00:26:12 GMT+0000 (Greenwich Mean Time),0.5248,PB
Pontefract,Sat Jun 02 2018 00:00:00 GMT+0100 (British Summer Time),365,84,Sat Dec 30 1899 00:24:29 GMT+0000 (Greenwich Mean Time),0.5616,
Temple Newsam,Sat Jun 23 2018 00:00:00 GMT+0100 (British Summer Time),274,52,Sat Dec 30 1899 00:26:08 GMT+0000 (Greenwich Mean Time),0.5261,PB
Woodhouse Moor,Sat Jul 14 2018 00:00:00 GMT+0100 (British Summer Time),569,104,Sat Dec 30 1899 00:24:21 GMT+0000 (Greenwich Mean Time),0.5647,
Cross Flatts,Sat Jul 21 2018 00:00:00 GMT+0100 (British Summer Time),269,25,Sat Dec 30 1899 00:23:53 GMT+0000 (Greenwich Mean Time),0.5757,
Oakwell Hall,Sat Aug 04 2018 00:00:00 GMT+0100 (British Summer Time),199,45,Sat Dec 30 1899 00:24:57 GMT+0000 (Greenwich Mean Time),0.5511,
Temple Newsam,Sat Aug 11 2018 00:00:00 GMT+0100 (British Summer Time),281,37,Sat Dec 30 1899 00:24:27 GMT+0000 (Greenwich Mean Time),0.5624,PB
Rothwell,Sat Aug 18 2018 00:00:00 GMT+0100 (British Summer Time),48,48,Sat Dec 30 1899 00:24:05 GMT+0000 (Greenwich Mean Time),0.5709,
Banstead Woods,Sat Aug 25 2018 00:00:00 GMT+0100 (British Summer Time),587,64,Sat Dec 30 1899 00:24:07 GMT+0000 (Greenwich Mean Time),0.5701,
Dalby Forest,Sat Sep 08 2018 00:00:00 GMT+0100 (British Summer Time),126,39,Sat Dec 30 1899 00:23:27 GMT+0000 (Greenwich Mean Time),0.5864,
Roundhay,Sat Sep 15 2018 00:00:00 GMT+0100 (British Summer Time),386,83,Sat Dec 30 1899 00:24:23 GMT+0000 (Greenwich Mean Time),0.568,
Rothwell,Sat Sep 22 2018 00:00:00 GMT+0100 (British Summer Time),53,95,Sat Dec 30 1899 00:28:12 GMT+0000 (Greenwich Mean Time),0.4911,
Middleton Woods,Sat Oct 06 2018 00:00:00 GMT+0100 (British Summer Time),24,13,Sat Dec 30 1899 00:24:18 GMT+0000 (Greenwich Mean Time),0.57,PB
Temple Newsam,Sat Oct 20 2018 00:00:00 GMT+0100 (British Summer Time),290,32,Sat Dec 30 1899 00:24:14 GMT+0000 (Greenwich Mean Time),0.5715,PB
Temple Newsam,Sat Oct 27 2018 00:00:00 GMT+0100 (British Summer Time),291,45,Sat Dec 30 1899 00:26:59 GMT+0000 (Greenwich Mean Time),0.5133,
Temple Newsam,Sat Nov 03 2018 00:00:00 GMT+0000 (Greenwich Mean Time),292,28,Sat Dec 30 1899 00:24:30 GMT+0000 (Greenwich Mean Time),0.5653,
Temple Newsam,Sat Nov 17 2018 00:00:00 GMT+0000 (Greenwich Mean Time),294,57,Sat Dec 30 1899 00:26:50 GMT+0000 (Greenwich Mean Time),0.5161,
Temple Newsam,Sat Dec 22 2018 00:00:00 GMT+0000 (Greenwich Mean Time),299,60,Sat Dec 30 1899 00:26:24 GMT+0000 (Greenwich Mean Time),0.5246,
Temple Newsam,Sat Dec 29 2018 00:00:00 GMT+0000 (Greenwich Mean Time),300,81,Sat Dec 30 1899 00:27:12 GMT+0000 (Greenwich Mean Time),0.5092,
Potternewton,Sat Mar 02 2019 00:00:00 GMT+0000 (Greenwich Mean Time),15,42,Sat Dec 30 1899 00:26:34 GMT+0000 (Greenwich Mean Time),0.5213,
Temple Newsam,Sat Mar 09 2019 00:00:00 GMT+0000 (Greenwich Mean Time),311,55,Sat Dec 30 1899 00:27:22 GMT+0000 (Greenwich Mean Time),0.5061,
Temple Newsam,Sat Mar 23 2019 00:00:00 GMT+0000 (Greenwich Mean Time),312,90,Sat Dec 30 1899 00:28:10 GMT+0000 (Greenwich Mean Time),0.4917,
Temple Newsam,Sat Mar 30 2019 00:00:00 GMT+0000 (Greenwich Mean Time),313,125,Sat Dec 30 1899 00:30:42 GMT+0000 (Greenwich Mean Time),0.4511,
Temple Newsam,Sat Apr 06 2019 00:00:00 GMT+0100 (British Summer Time),314,69,Sat Dec 30 1899 00:25:29 GMT+0000 (Greenwich Mean Time),0.5435,
Temple Newsam,Sat Apr 20 2019 00:00:00 GMT+0100 (British Summer Time),316,64,Sat Dec 30 1899 00:26:07 GMT+0000 (Greenwich Mean Time),0.5303,
Rothwell,Sat Apr 27 2019 00:00:00 GMT+0100 (British Summer Time),85,45,Sat Dec 30 1899 00:23:56 GMT+0000 (Greenwich Mean Time),0.5787,PB
Rothwell,Sat May 18 2019 00:00:00 GMT+0100 (British Summer Time),88,51,Sat Dec 30 1899 00:23:41 GMT+0000 (Greenwich Mean Time),0.5848,PB
Rothwell,Sat May 25 2019 00:00:00 GMT+0100 (British Summer Time),89,61,Sat Dec 30 1899 00:23:22 GMT+0000 (Greenwich Mean Time),0.5927,PB
Nostell,Sat Jun 01 2019 00:00:00 GMT+0100 (British Summer Time),248,33,Sat Dec 30 1899 00:23:47 GMT+0000 (Greenwich Mean Time),0.5823,
Temple Newsam,Sat Jun 08 2019 00:00:00 GMT+0100 (British Summer Time),321,96,Sat Dec 30 1899 00:28:23 GMT+0000 (Greenwich Mean Time),0.488,
Woodhouse Moor,Sat Jun 15 2019 00:00:00 GMT+0100 (British Summer Time),619,97,Sat Dec 30 1899 00:23:57 GMT+0000 (Greenwich Mean Time),0.5783,PB
Rother Valley,Sat Jun 22 2019 00:00:00 GMT+0100 (British Summer Time),273,47,Sat Dec 30 1899 00:22:37 GMT+0000 (Greenwich Mean Time),0.6124,
Temple Newsam,Sat Jun 29 2019 00:00:00 GMT+0100 (British Summer Time),324,25,Sat Dec 30 1899 00:24:35 GMT+0000 (Greenwich Mean Time),0.5634,
Temple Newsam,Sat Jul 06 2019 00:00:00 GMT+0100 (British Summer Time),325,76,Sat Dec 30 1899 00:29:58 GMT+0000 (Greenwich Mean Time),0.4622,
Fell Foot,Sat Jul 13 2019 00:00:00 GMT+0100 (British Summer Time),231,95,Sat Dec 30 1899 00:24:57 GMT+0000 (Greenwich Mean Time),0.5551,
Heslington,Sat Jul 27 2019 00:00:00 GMT+0100 (British Summer Time),74,85,Sat Dec 30 1899 00:23:07 GMT+0000 (Greenwich Mean Time),0.5991,
Armley,Sat Aug 03 2019 00:00:00 GMT+0100 (British Summer Time),58,43,Sat Dec 30 1899 00:23:30 GMT+0000 (Greenwich Mean Time),0.5894,
Temple Newsam,Sat Aug 10 2019 00:00:00 GMT+0100 (British Summer Time),330,105,Sat Dec 30 1899 00:30:11 GMT+0000 (Greenwich Mean Time),0.4589,
Temple Newsam,Sat Aug 24 2019 00:00:00 GMT+0100 (British Summer Time),332,48,Sat Dec 30 1899 00:27:00 GMT+0000 (Greenwich Mean Time),0.513,
Temple Newsam,Sat Aug 31 2019 00:00:00 GMT+0100 (British Summer Time),333,91,Sat Dec 30 1899 00:29:40 GMT+0000 (Greenwich Mean Time),0.4669,
Millfield,Sat Sep 07 2019 00:00:00 GMT+0100 (British Summer Time),12,53,Sat Dec 30 1899 00:27:09 GMT+0000 (Greenwich Mean Time),0.5101,
Potternewton,Sat Sep 21 2019 00:00:00 GMT+0100 (British Summer Time),43,30,Sat Dec 30 1899 00:23:43 GMT+0000 (Greenwich Mean Time),0.5889,PB
Temple Newsam,Sat Sep 28 2019 00:00:00 GMT+0100 (British Summer Time),337,60,Sat Dec 30 1899 00:29:10 GMT+0000 (Greenwich Mean Time),0.4789,
Rothwell,Sat Oct 05 2019 00:00:00 GMT+0100 (British Summer Time),107,28,Sat Dec 30 1899 00:23:11 GMT+0000 (Greenwich Mean Time),0.6024,PB
Bramley,Sat Oct 12 2019 00:00:00 GMT+0100 (British Summer Time),206,49,Sat Dec 30 1899 00:27:10 GMT+0000 (Greenwich Mean Time),0.5141,
Temple Newsam,Sat Oct 19 2019 00:00:00 GMT+0100 (British Summer Time),340,110,Sat Dec 30 1899 00:31:01 GMT+0000 (Greenwich Mean Time),0.4503,
Temple Newsam,Sat Oct 26 2019 00:00:00 GMT+0100 (British Summer Time),341,92,Sat Dec 30 1899 00:28:45 GMT+0000 (Greenwich Mean Time),0.4858,
Temple Newsam,Sat Nov 02 2019 00:00:00 GMT+0000 (Greenwich Mean Time),342,16,Sat Dec 30 1899 00:24:08 GMT+0000 (Greenwich Mean Time),0.5787,PB
Castle Howard,Sat Nov 09 2019 00:00:00 GMT+0000 (Greenwich Mean Time),9,39,Sat Dec 30 1899 00:24:18 GMT+0000 (Greenwich Mean Time),0.5748,
Temple Newsam,Sat Nov 16 2019 00:00:00 GMT+0000 (Greenwich Mean Time),344,89,Sat Dec 30 1899 00:28:49 GMT+0000 (Greenwich Mean Time),0.4847,
Harrogate,Sat Nov 23 2019 00:00:00 GMT+0000 (Greenwich Mean Time),411,116,Sat Dec 30 1899 00:27:09 GMT+0000 (Greenwich Mean Time),0.5144,
Temple Newsam,Sat Nov 30 2019 00:00:00 GMT+0000 (Greenwich Mean Time),345,89,Sat Dec 30 1899 00:31:32 GMT+0000 (Greenwich Mean Time),0.4429,
York,Sat Dec 07 2019 00:00:00 GMT+0000 (Greenwich Mean Time),358,95,Sat Dec 30 1899 00:22:28 GMT+0000 (Greenwich Mean Time),0.6217,
Wakefield Thornes,Sat Dec 14 2019 00:00:00 GMT+0000 (Greenwich Mean Time),257,115,Sat Dec 30 1899 00:30:19 GMT+0000 (Greenwich Mean Time),0.4607,
Temple Newsam,Sat Dec 21 2019 00:00:00 GMT+0000 (Greenwich Mean Time),348,114,Sat Dec 30 1899 00:31:44 GMT+0000 (Greenwich Mean Time),0.4401,
Temple Newsam,Sat Dec 28 2019 00:00:00 GMT+0000 (Greenwich Mean Time),349,82,Sat Dec 30 1899 00:27:09 GMT+0000 (Greenwich Mean Time),0.5144,
Horton Park,Wed Jan 01 2020 00:00:00 GMT+0000 (Greenwich Mean Time),240,89,Sat Dec 30 1899 00:27:42 GMT+0000 (Greenwich Mean Time),0.5042,
Temple Newsam,Wed Jan 01 2020 00:00:00 GMT+0000 (Greenwich Mean Time),350,196,Sat Dec 30 1899 00:28:19 GMT+0000 (Greenwich Mean Time),0.4932,
Dalby Forest,Sat Feb 08 2020 00:00:00 GMT+0000 (Greenwich Mean Time),199,67,Sat Dec 30 1899 00:25:28 GMT+0000 (Greenwich Mean Time),0.5484,
York,Sat Feb 15 2020 00:00:00 GMT+0000 (Greenwich Mean Time),370,374,Sat Dec 30 1899 00:32:47 GMT+0000 (Greenwich Mean Time),0.426,
Temple Newsam,Sat Feb 22 2020 00:00:00 GMT+0000 (Greenwich Mean Time),358,98,Sat Dec 30 1899 00:30:50 GMT+0000 (Greenwich Mean Time),0.453,
Huddersfield,Sat Feb 29 2020 00:00:00 GMT+0000 (Greenwich Mean Time),448,201,Sat Dec 30 1899 00:27:38 GMT+0000 (Greenwich Mean Time),0.5054,
"Lister Park, Bradford",Sat Mar 07 2020 00:00:00 GMT+0000 (Greenwich Mean Time),500,95,Sat Dec 30 1899 00:24:45 GMT+0000 (Greenwich Mean Time),0.5643,
Temple Newsam,Sat Mar 14 2020 00:00:00 GMT+0000 (Greenwich Mean Time),361,56,Sat Dec 30 1899 00:26:51 GMT+0000 (Greenwich Mean Time),0.5202,
Temple Newsam,Sat Jul 24 2021 00:00:00 GMT+0100 (British Summer Time),362,100,Sat Dec 30 1899 00:30:36 GMT+0000 (Greenwich Mean Time),0.4597,
Selby,Sat Jul 31 2021 00:00:00 GMT+0100 (British Summer Time),115,13,Sat Dec 30 1899 00:22:10 GMT+0000 (Greenwich Mean Time),0.6346,
Temple Newsam,Sat Aug 07 2021 00:00:00 GMT+0100 (British Summer Time),364,75,Sat Dec 30 1899 00:29:29 GMT+0000 (Greenwich Mean Time),0.4771,
Upton House,Sat Aug 14 2021 00:00:00 GMT+0100 (British Summer Time),146,54,Sat Dec 30 1899 00:23:39 GMT+0000 (Greenwich Mean Time),0.5948,
Conyngham Hall,Sat Aug 21 2021 00:00:00 GMT+0100 (British Summer Time),45,47,Sat Dec 30 1899 00:29:54 GMT+0000 (Greenwich Mean Time),0.4705,
Temple Newsam,Sat Aug 28 2021 00:00:00 GMT+0100 (British Summer Time),366,34,Sat Dec 30 1899 00:25:27 GMT+0000 (Greenwich Mean Time),0.5527,
Wetherby,Sat Sep 04 2021 00:00:00 GMT+0100 (British Summer Time),229,29,Sat Dec 30 1899 00:23:48 GMT+0000 (Greenwich Mean Time),0.591,
Delamere,Sat Sep 11 2021 00:00:00 GMT+0100 (British Summer Time),357,18,Sat Dec 30 1899 00:22:48 GMT+0000 (Greenwich Mean Time),0.617,
Rothwell,Sat Sep 18 2021 00:00:00 GMT+0100 (British Summer Time),140,22,Sat Dec 30 1899 00:21:48 GMT+0000 (Greenwich Mean Time),0.6506,PB
Chevin Forest,Sat Sep 25 2021 00:00:00 GMT+0100 (British Summer Time),5,110,Sat Dec 30 1899 00:28:36 GMT+0000 (Greenwich Mean Time),0.4959,
Potternewton,Sat Oct 02 2021 00:00:00 GMT+0100 (British Summer Time),76,20,Sat Dec 30 1899 00:21:56 GMT+0000 (Greenwich Mean Time),0.6467,PB
Hull,Sat Oct 16 2021 00:00:00 GMT+0100 (British Summer Time),540,39,Sat Dec 30 1899 00:21:01 GMT+0000 (Greenwich Mean Time),0.6749,
Temple Newsam,Sat Oct 30 2021 00:00:00 GMT+0100 (British Summer Time),372,47,Sat Dec 30 1899 00:27:29 GMT+0000 (Greenwich Mean Time),0.5161,
Cusworth Hall,Sat Nov 06 2021 00:00:00 GMT+0000 (Greenwich Mean Time),39,57,Sat Dec 30 1899 00:27:46 GMT+0000 (Greenwich Mean Time),0.5108,
Temple Newsam,Sat Nov 13 2021 00:00:00 GMT+0000 (Greenwich Mean Time),374,12,Sat Dec 30 1899 00:21:49 GMT+0000 (Greenwich Mean Time),0.6501,PB
Bushy Park,Sat Nov 20 2021 00:00:00 GMT+0000 (Greenwich Mean Time),852,82,Sat Dec 30 1899 00:20:32 GMT+0000 (Greenwich Mean Time),0.6907,
Frickley Country,Sat Dec 04 2021 00:00:00 GMT+0000 (Greenwich Mean Time),83,5,Sat Dec 30 1899 00:22:32 GMT+0000 (Greenwich Mean Time),0.6294,
Temple Newsam,Sat Dec 11 2021 00:00:00 GMT+0000 (Greenwich Mean Time),377,40,Sat Dec 30 1899 00:26:11 GMT+0000 (Greenwich Mean Time),0.5417,
Watergrove,Sat Dec 18 2021 00:00:00 GMT+0000 (Greenwich Mean Time),307,20,Sat Dec 30 1899 00:25:13 GMT+0000 (Greenwich Mean Time),0.5625,
Roundhay,Sat Dec 25 2021 00:00:00 GMT+0000 (Greenwich Mean Time),486,139,Sat Dec 30 1899 00:25:39 GMT+0000 (Greenwich Mean Time),0.553,
Monsal Trail,Sat Jan 01 2022 00:00:00 GMT+0000 (Greenwich Mean Time),116,29,Sat Dec 30 1899 00:20:56 GMT+0000 (Greenwich Mean Time),0.6775,
Temple Newsam,Sat Jan 08 2022 00:00:00 GMT+0000 (Greenwich Mean Time),379,22,Sat Dec 30 1899 00:25:25 GMT+0000 (Greenwich Mean Time),0.558,
Myrtle,Sat Jan 22 2022 00:00:00 GMT+0000 (Greenwich Mean Time),100,27,Sat Dec 30 1899 00:24:24 GMT+0000 (Greenwich Mean Time),0.5813,
Huddersfield,Sat Jan 29 2022 00:00:00 GMT+0000 (Greenwich Mean Time),476,32,Sat Dec 30 1899 00:21:17 GMT+0000 (Greenwich Mean Time),0.6664,PB
Beverley Westwood,Sat Feb 12 2022 00:00:00 GMT+0000 (Greenwich Mean Time),65,28,Sat Dec 30 1899 00:25:01 GMT+0000 (Greenwich Mean Time),0.567,
Dewsbury,Sat Feb 19 2022 00:00:00 GMT+0000 (Greenwich Mean Time),434,23,Sat Dec 30 1899 00:23:11 GMT+0000 (Greenwich Mean Time),0.6118,
Temple Newsam,Sat Feb 26 2022 00:00:00 GMT+0000 (Greenwich Mean Time),386,29,Sat Dec 30 1899 00:24:37 GMT+0000 (Greenwich Mean Time),0.5762,
Whinlatter Forest,Sat Mar 05 2022 00:00:00 GMT+0000 (Greenwich Mean Time),135,20,Sat Dec 30 1899 00:27:18 GMT+0000 (Greenwich Mean Time),0.5195,
Rothwell,Sat Mar 12 2022 00:00:00 GMT+0000 (Greenwich Mean Time),163,21,Sat Dec 30 1899 00:20:48 GMT+0000 (Greenwich Mean Time),0.6819,PB
Dallas Burston Polo Club,Sat Mar 19 2022 00:00:00 GMT+0000 (Greenwich Mean Time),21,34,Sat Dec 30 1899 00:23:35 GMT+0000 (Greenwich Mean Time),0.6014,
Mole Valley,Sat Mar 26 2022 00:00:00 GMT+0000 (Greenwich Mean Time),145,44,Sat Dec 30 1899 00:23:35 GMT+0000 (Greenwich Mean Time),0.6014,
Temple Newsam,Sat Apr 02 2022 00:00:00 GMT+0100 (British Summer Time),391,29,Sat Dec 30 1899 00:24:15 GMT+0000 (Greenwich Mean Time),0.5849,
Temple Newsam,Sat Apr 09 2022 00:00:00 GMT+0100 (British Summer Time),392,51,Sat Dec 30 1899 00:27:58 GMT+0000 (Greenwich Mean Time),0.5072,
Hamsterley Forest,Sat Apr 16 2022 00:00:00 GMT+0100 (British Summer Time),19,10,Sat Dec 30 1899 00:24:19 GMT+0000 (Greenwich Mean Time),0.5833,
Rother Valley,Sat Apr 23 2022 00:00:00 GMT+0100 (British Summer Time),340,14,Sat Dec 30 1899 00:19:38 GMT+0000 (Greenwich Mean Time),0.7224,PB
Bowling Park,Sat Apr 30 2022 00:00:00 GMT+0100 (British Summer Time),43,2,Sat Dec 30 1899 00:20:43 GMT+0000 (Greenwich Mean Time),0.6846,
Woodhouse Moor,Sat May 07 2022 00:00:00 GMT+0100 (British Summer Time),701,31,Sat Dec 30 1899 00:19:43 GMT+0000 (Greenwich Mean Time),0.7194,PB
Woodhouse Moor,Sat May 14 2022 00:00:00 GMT+0100 (British Summer Time),702,53,Sat Dec 30 1899 00:21:32 GMT+0000 (Greenwich Mean Time),0.6587,
Temple Newsam,Sat May 21 2022 00:00:00 GMT+0100 (British Summer Time),397,28,Sat Dec 30 1899 00:23:17 GMT+0000 (Greenwich Mean Time),0.6092,
Lyme Park,Sat May 28 2022 00:00:00 GMT+0100 (British Summer Time),352,21,Sat Dec 30 1899 00:24:20 GMT+0000 (Greenwich Mean Time),0.5829,
Fountains Abbey,Sat Jun 04 2022 00:00:00 GMT+0100 (British Summer Time),346,8,Sat Dec 30 1899 00:19:32 GMT+0000 (Greenwich Mean Time),0.7261,
Middleton Woods,Sat Jun 11 2022 00:00:00 GMT+0100 (British Summer Time),137,6,Sat Dec 30 1899 00:20:54 GMT+0000 (Greenwich Mean Time),0.6786,PB
Brandon Country Park,Sat Jun 18 2022 00:00:00 GMT+0100 (British Summer Time),416,7,Sat Dec 30 1899 00:21:51 GMT+0000 (Greenwich Mean Time),0.6491,
York,Sat Jun 25 2022 00:00:00 GMT+0100 (British Summer Time),416,20,Sat Dec 30 1899 00:19:22 GMT+0000 (Greenwich Mean Time),0.7324,PB
Chevin Forest,Sat Jul 09 2022 00:00:00 GMT+0100 (British Summer Time),43,12,Sat Dec 30 1899 00:21:25 GMT+0000 (Greenwich Mean Time),0.6623,PB
Wollaton Hall,Sat Jul 30 2022 00:00:00 GMT+0100 (British Summer Time),56,28,Sat Dec 30 1899 00:22:05 GMT+0000 (Greenwich Mean Time),0.6423,
Selby,Sat Aug 06 2022 00:00:00 GMT+0100 (British Summer Time),165,3,Sat Dec 30 1899 00:19:10 GMT+0000 (Greenwich Mean Time),0.74,PB
Temple Newsam,Sat Aug 13 2022 00:00:00 GMT+0100 (British Summer Time),405,41,Sat Dec 30 1899 00:26:45 GMT+0000 (Greenwich Mean Time),0.5302,
Selby,Sat Aug 20 2022 00:00:00 GMT+0100 (British Summer Time),167,6,Sat Dec 30 1899 00:18:57 GMT+0000 (Greenwich Mean Time),0.7485,PB
Shipley Country,Sat Aug 27 2022 00:00:00 GMT+0100 (British Summer Time),207,15,Sat Dec 30 1899 00:23:43 GMT+0000 (Greenwich Mean Time),0.598,
Rothwell,Sat Sep 03 2022 00:00:00 GMT+0100 (British Summer Time),187,6,Sat Dec 30 1899 00:19:55 GMT+0000 (Greenwich Mean Time),0.7121,PB
Flatts Lane,Sat Sep 10 2022 00:00:00 GMT+0100 (British Summer Time),181,13,Sat Dec 30 1899 00:24:53 GMT+0000 (Greenwich Mean Time),0.57,
Barnsley,Sat Sep 17 2022 00:00:00 GMT+0100 (British Summer Time),540,8,Sat Dec 30 1899 00:20:20 GMT+0000 (Greenwich Mean Time),0.7025,
Temple Newsam,Sat Sep 24 2022 00:00:00 GMT+0100 (British Summer Time),409,26,Sat Dec 30 1899 00:23:35 GMT+0000 (Greenwich Mean Time),0.6057,
Victoria Dock,Sat Oct 01 2022 00:00:00 GMT+0100 (British Summer Time),143,161,Sat Dec 30 1899 00:26:01 GMT+0000 (Greenwich Mean Time),0.549,
Isabel Trail,Sat Oct 15 2022 00:00:00 GMT+0100 (British Summer Time),109,7,Sat Dec 30 1899 00:19:16 GMT+0000 (Greenwich Mean Time),0.7413,
Sherwood Pines,Sat Oct 22 2022 00:00:00 GMT+0100 (British Summer Time),282,69,Sat Dec 30 1899 00:27:04 GMT+0000 (Greenwich Mean Time),0.5277,
Clumber Park,Sat Nov 05 2022 00:00:00 GMT+0000 (Greenwich Mean Time),404,6,Sat Dec 30 1899 00:19:57 GMT+0000 (Greenwich Mean Time),0.716,
Temple Newsam,Sat Nov 12 2022 00:00:00 GMT+0000 (Greenwich Mean Time),415,10,Sat Dec 30 1899 00:20:21 GMT+0000 (Greenwich Mean Time),0.7019,PB
Roundshaw Downs,Sat Nov 19 2022 00:00:00 GMT+0000 (Greenwich Mean Time),641,7,Sat Dec 30 1899 00:22:18 GMT+0000 (Greenwich Mean Time),0.6405,
Roberts Park,Sat Nov 26 2022 00:00:00 GMT+0000 (Greenwich Mean Time),56,7,Sat Dec 30 1899 00:18:56 GMT+0000 (Greenwich Mean Time),0.7544,
Concord,Sat Dec 03 2022 00:00:00 GMT+0000 (Greenwich Mean Time),547,5,Sat Dec 30 1899 00:19:16 GMT+0000 (Greenwich Mean Time),0.7413,
Temple Newsam,Sat Dec 10 2022 00:00:00 GMT+0000 (Greenwich Mean Time),419,43,Sat Dec 30 1899 00:26:04 GMT+0000 (Greenwich Mean Time),0.548,
New Earswick,Sat Dec 17 2022 00:00:00 GMT+0000 (Greenwich Mean Time),152,5,Sat Dec 30 1899 00:20:48 GMT+0000 (Greenwich Mean Time),0.6867,
Albert,Sat Dec 24 2022 00:00:00 GMT+0000 (Greenwich Mean Time),701,13,Sat Dec 30 1899 00:18:43 GMT+0000 (Greenwich Mean Time),0.7631,
Rothwell,Sun Dec 25 2022 00:00:00 GMT+0000 (Greenwich Mean Time),204,56,Sat Dec 30 1899 00:26:45 GMT+0000 (Greenwich Mean Time),0.534,
Ruthin Memorial Playing Fields,Sun Jan 01 2023 00:00:00 GMT+0000 (Greenwich Mean Time),32,3,Sat Dec 30 1899 00:18:57 GMT+0000 (Greenwich Mean Time),0.7537,
Hillsborough,Sat Jan 07 2023 00:00:00 GMT+0000 (Greenwich Mean Time),441,115,Sat Dec 30 1899 00:25:03 GMT+0000 (Greenwich Mean Time),0.5702,
Rothwell,Sat Jan 14 2023 00:00:00 GMT+0000 (Greenwich Mean Time),208,100,Sat Dec 30 1899 00:27:21 GMT+0000 (Greenwich Mean Time),0.5222,
Long Eaton,Sat Jan 28 2023 00:00:00 GMT+0000 (Greenwich Mean Time),314,20,Sat Dec 30 1899 00:18:30 GMT+0000 (Greenwich Mean Time),0.7721,
Temple Newsam,Sat Feb 04 2023 00:00:00 GMT+0000 (Greenwich Mean Time),427,55,Sat Dec 30 1899 00:24:44 GMT+0000 (Greenwich Mean Time),0.5775,
Woodhouse Moor,Sat Feb 11 2023 00:00:00 GMT+0000 (Greenwich Mean Time),742,70,Sat Dec 30 1899 00:21:38 GMT+0000 (Greenwich Mean Time),0.6602,
Rotherham,Sat Feb 18 2023 00:00:00 GMT+0000 (Greenwich Mean Time),419,4,Sat Dec 30 1899 00:19:36 GMT+0000 (Greenwich Mean Time),0.7287,
Rothwell,Sat Feb 25 2023 00:00:00 GMT+0000 (Greenwich Mean Time),214,66,Sat Dec 30 1899 00:24:19 GMT+0000 (Greenwich Mean Time),0.5874,
Temple Newsam,Sat Mar 04 2023 00:00:00 GMT+0000 (Greenwich Mean Time),430,46,Sat Dec 30 1899 00:25:33 GMT+0000 (Greenwich Mean Time),0.559,
Cliffe Castle,Sat Mar 18 2023 00:00:00 GMT+0000 (Greenwich Mean Time),164,5,Sat Dec 30 1899 00:21:21 GMT+0000 (Greenwich Mean Time),0.669,
Bowling Park,Sat Mar 25 2023 00:00:00 GMT+0000 (Greenwich Mean Time),86,3,Sat Dec 30 1899 00:19:43 GMT+0000 (Greenwich Mean Time),0.7244,PB
Temple Newsam,Sat Apr 01 2023 00:00:00 GMT+0100 (British Summer Time),434,30,Sat Dec 30 1899 00:26:01 GMT+0000 (Greenwich Mean Time),0.549,
Temple Newsam,Sat Apr 08 2023 00:00:00 GMT+0100 (British Summer Time),435,27,Sat Dec 30 1899 00:24:58 GMT+0000 (Greenwich Mean Time),0.5721,
Brighouse,Sat Apr 15 2023 00:00:00 GMT+0100 (British Summer Time),242,36,Sat Dec 30 1899 00:23:58 GMT+0000 (Greenwich Mean Time),0.596,
Burgess,Sat Apr 22 2023 00:00:00 GMT+0100 (British Summer Time),466,198,Sat Dec 30 1899 00:25:02 GMT+0000 (Greenwich Mean Time),0.5706,
Temple Newsam,Sat Apr 29 2023 00:00:00 GMT+0100 (British Summer Time),438,64,Sat Dec 30 1899 00:28:46 GMT+0000 (Greenwich Mean Time),0.4965,
Cross Flatts,Sat May 06 2023 00:00:00 GMT+0100 (British Summer Time),443,6,Sat Dec 30 1899 00:19:21 GMT+0000 (Greenwich Mean Time),0.7382,PB
Rothwell,Sat May 13 2023 00:00:00 GMT+0100 (British Summer Time),224,163,Sat Dec 30 1899 00:31:40 GMT+0000 (Greenwich Mean Time),0.4511,
York,Sat May 20 2023 00:00:00 GMT+0100 (British Summer Time),461,12,Sat Dec 30 1899 00:18:27 GMT+0000 (Greenwich Mean Time),0.7742,PB
Cross Flatts,Sat May 27 2023 00:00:00 GMT+0100 (British Summer Time),446,7,Sat Dec 30 1899 00:19:05 GMT+0000 (Greenwich Mean Time),0.7485,PB
Frickley Country,Sat Jun 03 2023 00:00:00 GMT+0100 (British Summer Time),155,2,Sat Dec 30 1899 00:19:54 GMT+0000 (Greenwich Mean Time),0.7178,PB
Haigh Woodland,Sat Jun 10 2023 00:00:00 GMT+0100 (British Summer Time),316,45,Sat Dec 30 1899 00:25:17 GMT+0000 (Greenwich Mean Time),0.5649,
Watermead Country Park,Sat Jun 17 2023 00:00:00 GMT+0100 (British Summer Time),85,19,Sat Dec 30 1899 00:19:53 GMT+0000 (Greenwich Mean Time),0.7184,
Dalby Forest,Sat Jun 24 2023 00:00:00 GMT+0100 (British Summer Time),302,7,Sat Dec 30 1899 00:19:31 GMT+0000 (Greenwich Mean Time),0.7319,PB
Temple Newsam,Sat Jul 01 2023 00:00:00 GMT+0100 (British Summer Time),443,4,Sat Dec 30 1899 00:19:50 GMT+0000 (Greenwich Mean Time),0.7202,PB
Normanby Hall,Sat Jul 08 2023 00:00:00 GMT+0100 (British Summer Time),211,11,Sat Dec 30 1899 00:21:06 GMT+0000 (Greenwich Mean Time),0.6769,
Wakefield Thornes,Sat Jul 22 2023 00:00:00 GMT+0100 (British Summer Time),365,4,Sat Dec 30 1899 00:19:28 GMT+0000 (Greenwich Mean Time),0.7337,PB
Cusworth Hall,Sat Jul 29 2023 00:00:00 GMT+0100 (British Summer Time),126,3,Sat Dec 30 1899 00:20:16 GMT+0000 (Greenwich Mean Time),0.7048,PB
Conkers,Sat Aug 05 2023 00:00:00 GMT+0100 (British Summer Time),587,7,Sat Dec 30 1899 00:19:47 GMT+0000 (Greenwich Mean Time),0.722,
Fountains Abbey,Sat Aug 12 2023 00:00:00 GMT+0100 (British Summer Time),403,12,Sat Dec 30 1899 00:18:40 GMT+0000 (Greenwich Mean Time),0.7652,PB
Epworth Equestrian,Sat Aug 19 2023 00:00:00 GMT+0100 (British Summer Time),4,38,Sat Dec 30 1899 00:25:41 GMT+0000 (Greenwich Mean Time),0.5561,
Rothwell,Sat Aug 26 2023 00:00:00 GMT+0100 (British Summer Time),238,1,Sat Dec 30 1899 00:18:49 GMT+0000 (Greenwich Mean Time),0.7591,PB
Temple Newsam,Sat Sep 02 2023 00:00:00 GMT+0100 (British Summer Time),452,27,Sat Dec 30 1899 00:23:55 GMT+0000 (Greenwich Mean Time),0.5972,
Thorp Perrow,Sat Sep 16 2023 00:00:00 GMT+0100 (British Summer Time),3,3,Sat Dec 30 1899 00:23:17 GMT+0000 (Greenwich Mean Time),0.6185,
Pontefract,Sat Sep 23 2023 00:00:00 GMT+0100 (British Summer Time),571,8,Sat Dec 30 1899 00:18:39 GMT+0000 (Greenwich Mean Time),0.7721,PB
Pontefract,Sat Sep 30 2023 00:00:00 GMT+0100 (British Summer Time),572,4,Sat Dec 30 1899 00:18:26 GMT+0000 (Greenwich Mean Time),0.7812,PB
Westpark,Sat Oct 07 2023 00:00:00 GMT+0100 (British Summer Time),177,51,Sat Dec 30 1899 00:24:28 GMT+0000 (Greenwich Mean Time),0.5886,
Potternewton,Sat Oct 14 2023 00:00:00 GMT+0100 (British Summer Time),176,2,Sat Dec 30 1899 00:19:22 GMT+0000 (Greenwich Mean Time),0.7435,PB
Temple Newsam,Sat Oct 21 2023 00:00:00 GMT+0100 (British Summer Time),459,19,Sat Dec 30 1899 00:23:45 GMT+0000 (Greenwich Mean Time),0.6063,
Temple Newsam,Sat Oct 28 2023 00:00:00 GMT+0100 (British Summer Time),460,4,Sat Dec 30 1899 00:19:43 GMT+0000 (Greenwich Mean Time),0.7303,PB
Hull,Sat Nov 11 2023 00:00:00 GMT+0000 (Greenwich Mean Time),649,8,Sat Dec 30 1899 00:17:59 GMT+0000 (Greenwich Mean Time),0.8007,PB
Temple Newsam,Sat Nov 18 2023 00:00:00 GMT+0000 (Greenwich Mean Time),463,20,Sat Dec 30 1899 00:22:56 GMT+0000 (Greenwich Mean Time),0.6279,
Bramley,Sat Nov 25 2023 00:00:00 GMT+0000 (Greenwich Mean Time),341,4,Sat Dec 30 1899 00:19:51 GMT+0000 (Greenwich Mean Time),0.7254,PB
Halifax,Sat Dec 09 2023 00:00:00 GMT+0000 (Greenwich Mean Time),363,2,Sat Dec 30 1899 00:20:31 GMT+0000 (Greenwich Mean Time),0.7019,
Glossop,Sat Dec 16 2023 00:00:00 GMT+0000 (Greenwich Mean Time),330,3,Sat Dec 30 1899 00:19:52 GMT+0000 (Greenwich Mean Time),0.7248,
Frimley Lodge,Sat Dec 23 2023 00:00:00 GMT+0000 (Greenwich Mean Time),652,17,Sat Dec 30 1899 00:19:52 GMT+0000 (Greenwich Mean Time),0.7248,
Braunstone,Mon Dec 25 2023 00:00:00 GMT+0000 (Greenwich Mean Time),615,13,Sat Dec 30 1899 00:19:27 GMT+0000 (Greenwich Mean Time),0.7404,
Temple Newsam,Sat Dec 30 2023 00:00:00 GMT+0000 (Greenwich Mean Time),469,38,Sat Dec 30 1899 00:24:05 GMT+0000 (Greenwich Mean Time),0.5979,
Pontefract,Mon Jan 01 2024 00:00:00 GMT+0000 (Greenwich Mean Time),587,164,Sat Dec 30 1899 00:29:09 GMT+0000 (Greenwich Mean Time),0.494,
Chadderton Hall,Sat Jan 06 2024 00:00:00 GMT+0000 (Greenwich Mean Time),317,3,Sat Dec 30 1899 00:21:19 GMT+0000 (Greenwich Mean Time),0.6755,
Rothwell,Sat Jan 13 2024 00:00:00 GMT+0000 (Greenwich Mean Time),259,9,Sat Dec 30 1899 00:20:02 GMT+0000 (Greenwich Mean Time),0.7188,
Rothwell,Sat Jan 20 2024 00:00:00 GMT+0000 (Greenwich Mean Time),260,193,Sat Dec 30 1899 00:29:11 GMT+0000 (Greenwich Mean Time),0.4934,
Selby,Sat Feb 03 2024 00:00:00 GMT+0000 (Greenwich Mean Time),245,97,Sat Dec 30 1899 00:27:44 GMT+0000 (Greenwich Mean Time),0.5192,
Jubilee,Sat Feb 10 2024 00:00:00 GMT+0000 (Greenwich Mean Time),138,3,Sat Dec 30 1899 00:19:31 GMT+0000 (Greenwich Mean Time),0.7378,
Penistone,Sat Feb 17 2024 00:00:00 GMT+0000 (Greenwich Mean Time),153,8,Sat Dec 30 1899 00:19:24 GMT+0000 (Greenwich Mean Time),0.7423,
Fountains Abbey,Sat Feb 24 2024 00:00:00 GMT+0000 (Greenwich Mean Time),430,268,Sat Dec 30 1899 00:29:24 GMT+0000 (Greenwich Mean Time),0.4898,
Dewsbury,Sat Mar 02 2024 00:00:00 GMT+0000 (Greenwich Mean Time),539,2,Sat Dec 30 1899 00:19:19 GMT+0000 (Greenwich Mean Time),0.7455,PB
Stretford,Sat Mar 09 2024 00:00:00 GMT+0000 (Greenwich Mean Time),345,18,Sat Dec 30 1899 00:18:19 GMT+0000 (Greenwich Mean Time),0.7862,
Temple Newsam,Sat Mar 16 2024 00:00:00 GMT+0000 (Greenwich Mean Time),479,19,Sat Dec 30 1899 00:23:57 GMT+0000 (Greenwich Mean Time),0.6013,
Graves,Sat Mar 23 2024 00:00:00 GMT+0000 (Greenwich Mean Time),530,5,Sat Dec 30 1899 00:20:48 GMT+0000 (Greenwich Mean Time),0.6923,
Temple Newsam,Sat Mar 30 2024 00:00:00 GMT+0000 (Greenwich Mean Time),481,9,Sat Dec 30 1899 00:21:59 GMT+0000 (Greenwich Mean Time),0.655,
Rothwell,Sat Apr 06 2024 00:00:00 GMT+0100 (British Summer Time),271,7,Sat Dec 30 1899 00:19:57 GMT+0000 (Greenwich Mean Time),0.7218,
Woodhouse Moor,Sat Apr 20 2024 00:00:00 GMT+0100 (British Summer Time),803,79,Sat Dec 30 1899 00:22:05 GMT+0000 (Greenwich Mean Time),0.6521,
Temple Newsam,Sat Apr 27 2024 00:00:00 GMT+0100 (British Summer Time),485,12,Sat Dec 30 1899 00:21:51 GMT+0000 (Greenwich Mean Time),0.659,
Osterley,Sat May 04 2024 00:00:00 GMT+0100 (British Summer Time),475,7,Sat Dec 30 1899 00:19:11 GMT+0000 (Greenwich Mean Time),0.7507,
Bramhall Park,Sat May 11 2024 00:00:00 GMT+0100 (British Summer Time),737,44,Sat Dec 30 1899 00:23:10 GMT+0000 (Greenwich Mean Time),0.6216,
Keswick,Sat May 18 2024 00:00:00 GMT+0100 (British Summer Time),444,13,Sat Dec 30 1899 00:18:57 GMT+0000 (Greenwich Mean Time),0.7599,
"Lister Park, Bradford",Sat May 25 2024 00:00:00 GMT+0100 (British Summer Time),644,12,Sat Dec 30 1899 00:19:11 GMT+0000 (Greenwich Mean Time),0.7507,PB
Rothwell,Sat Jun 01 2024 00:00:00 GMT+0100 (British Summer Time),279,21,Sat Dec 30 1899 00:21:11 GMT+0000 (Greenwich Mean Time),0.6798,
Lloyd,Sat Jun 15 2024 00:00:00 GMT+0100 (British Summer Time),659,24,Sat Dec 30 1899 00:22:07 GMT+0000 (Greenwich Mean Time),0.6511,
Rothwell,Sat Jun 22 2024 00:00:00 GMT+0100 (British Summer Time),282,43,Sat Dec 30 1899 00:22:45 GMT+0000 (Greenwich Mean Time),0.633,
Woodhouse Moor,Sat Jul 06 2024 00:00:00 GMT+0100 (British Summer Time),814,12,Sat Dec 30 1899 00:19:14 GMT+0000 (Greenwich Mean Time),0.7487,PB
Temple Newsam,Sat Jul 13 2024 00:00:00 GMT+0100 (British Summer Time),491,22,Sat Dec 30 1899 00:22:56 GMT+0000 (Greenwich Mean Time),0.6279,
Roundhay,Sat Jul 20 2024 00:00:00 GMT+0100 (British Summer Time),621,7,Sat Dec 30 1899 00:19:37 GMT+0000 (Greenwich Mean Time),0.7341,PB
Goole,Sat Jul 27 2024 00:00:00 GMT+0100 (British Summer Time),373,5,Sat Dec 30 1899 00:19:19 GMT+0000 (Greenwich Mean Time),0.7455,
Rothwell,Sat Aug 03 2024 00:00:00 GMT+0100 (British Summer Time),287,85,Sat Dec 30 1899 00:25:22 GMT+0000 (Greenwich Mean Time),0.5677,
Thorp Perrow,Sat Aug 10 2024 00:00:00 GMT+0100 (British Summer Time),44,4,Sat Dec 30 1899 00:20:21 GMT+0000 (Greenwich Mean Time),0.7076,PB
Temple Newsam,Sat Aug 17 2024 00:00:00 GMT+0100 (British Summer Time),495,18,Sat Dec 30 1899 00:23:22 GMT+0000 (Greenwich Mean Time),0.6163,
Woodhouse Moor,Sat Aug 24 2024 00:00:00 GMT+0100 (British Summer Time),821,12,Sat Dec 30 1899 00:19:00 GMT+0000 (Greenwich Mean Time),0.7579,PB
York,Sat Sep 07 2024 00:00:00 GMT+0100 (British Summer Time),516,10,Sat Dec 30 1899 00:18:24 GMT+0000 (Greenwich Mean Time),0.7826,PB
Armley,Sat Sep 14 2024 00:00:00 GMT+0100 (British Summer Time),253,5,Sat Dec 30 1899 00:19:30 GMT+0000 (Greenwich Mean Time),0.7444,PB
Rothwell,Sat Sep 28 2024 00:00:00 GMT+0100 (British Summer Time),295,44,Sat Dec 30 1899 00:22:24 GMT+0000 (Greenwich Mean Time),0.6481,
"Lister Park, Bradford",Sat Oct 05 2024 00:00:00 GMT+0100 (British Summer Time),663,10,Sat Dec 30 1899 00:19:13 GMT+0000 (Greenwich Mean Time),0.7554,
Middleton Woods,Sat Oct 12 2024 00:00:00 GMT+0100 (British Summer Time),257,4,Sat Dec 30 1899 00:20:59 GMT+0000 (Greenwich Mean Time),0.6918,
Schoterbos,Sat Oct 19 2024 00:00:00 GMT+0100 (British Summer Time),161,28,Sat Dec 30 1899 00:26:18 GMT+0000 (Greenwich Mean Time),0.552,
Millhouses,Sat Oct 26 2024 00:00:00 GMT+0100 (British Summer Time),176,13,Sat Dec 30 1899 00:19:12 GMT+0000 (Greenwich Mean Time),0.7561,
Ancholme Valley Way,Sat Nov 02 2024 00:00:00 GMT+0000 (Greenwich Mean Time),132,4,Sat Dec 30 1899 00:18:46 GMT+0000 (Greenwich Mean Time),0.7735,
Temple Newsam,Sat Nov 09 2024 00:00:00 GMT+0000 (Greenwich Mean Time),505,42,Sat Dec 30 1899 00:25:31 GMT+0000 (Greenwich Mean Time),0.5689,
Temple Newsam,Sat Nov 30 2024 00:00:00 GMT+0000 (Greenwich Mean Time),507,29,Sat Dec 30 1899 00:24:24 GMT+0000 (Greenwich Mean Time),0.5949,
Rothwell,Sat Dec 07 2024 00:00:00 GMT+0000 (Greenwich Mean Time),304,4,Sat Dec 30 1899 00:19:43 GMT+0000 (Greenwich Mean Time),0.7363,
Temple Newsam,Sat Dec 14 2024 00:00:00 GMT+0000 (Greenwich Mean Time),509,59,Sat Dec 30 1899 00:27:12 GMT+0000 (Greenwich Mean Time),0.5337,
Brooklands,Sat Dec 21 2024 00:00:00 GMT+0000 (Greenwich Mean Time),221,17,Sat Dec 30 1899 00:19:28 GMT+0000 (Greenwich Mean Time),0.7457,
Rothwell,Wed Dec 25 2024 00:00:00 GMT+0000 (Greenwich Mean Time),307,35,Sat Dec 30 1899 00:22:16 GMT+0000 (Greenwich Mean Time),0.6519,
Roundhay,Sat Dec 28 2024 00:00:00 GMT+0000 (Greenwich Mean Time),645,93,Sat Dec 30 1899 00:25:17 GMT+0000 (Greenwich Mean Time),0.5742,
Fountains Abbey,Wed Jan 01 2025 00:00:00 GMT+0000 (Greenwich Mean Time),472,10,Sat Dec 30 1899 00:19:28 GMT+0000 (Greenwich Mean Time),0.7457,
Temple Newsam,Sat Jan 04 2025 00:00:00 GMT+0000 (Greenwich Mean Time),512,31,Sat Dec 30 1899 00:24:35 GMT+0000 (Greenwich Mean Time),0.5905,
Temple Newsam,Sat Jan 18 2025 00:00:00 GMT+0000 (Greenwich Mean Time),513,14,Sat Dec 30 1899 00:21:37 GMT+0000 (Greenwich Mean Time),0.6715,
Temple Newsam,Sat Jan 25 2025 00:00:00 GMT+0000 (Greenwich Mean Time),514,48,Sat Dec 30 1899 00:24:59 GMT+0000 (Greenwich Mean Time),0.5811,
Rothwell,Sat Feb 01 2025 00:00:00 GMT+0000 (Greenwich Mean Time),313,50,Sat Dec 30 1899 00:22:36 GMT+0000 (Greenwich Mean Time),0.6423,
Talkin Tarn Country Park,Sat Feb 08 2025 00:00:00 GMT+0000 (Greenwich Mean Time),154,6,Sat Dec 30 1899 00:21:03 GMT+0000 (Greenwich Mean Time),0.6896,
Woodhouse Moor,Sat Feb 15 2025 00:00:00 GMT+0000 (Greenwich Mean Time),845,23,Sat Dec 30 1899 00:19:39 GMT+0000 (Greenwich Mean Time),0.7388,
Sheffield Castle,Sat Feb 22 2025 00:00:00 GMT+0000 (Greenwich Mean Time),523,5,Sat Dec 30 1899 00:19:49 GMT+0000 (Greenwich Mean Time),0.7325,
Rothwell,Sat Mar 08 2025 00:00:00 GMT+0000 (Greenwich Mean Time),318,13,Sat Dec 30 1899 00:19:33 GMT+0000 (Greenwich Mean Time),0.7425,
Temple Newsam,Sat Mar 15 2025 00:00:00 GMT+0000 (Greenwich Mean Time),520,16,Sat Dec 30 1899 00:23:11 GMT+0000 (Greenwich Mean Time),0.6262,
Woodhouse Moor,Sat Mar 22 2025 00:00:00 GMT+0000 (Greenwich Mean Time),850,29,Sat Dec 30 1899 00:19:27 GMT+0000 (Greenwich Mean Time),0.7464,
Clarence,Sat Mar 29 2025 00:00:00 GMT+0000 (Greenwich Mean Time),66,8,Sat Dec 30 1899 00:22:12 GMT+0000 (Greenwich Mean Time),0.6539,
Hull,Sat Apr 05 2025 00:00:00 GMT+0100 (British Summer Time),718,9,Sat Dec 30 1899 00:18:21 GMT+0000 (Greenwich Mean Time),0.7911,
Temple Newsam,Sat Apr 12 2025 00:00:00 GMT+0100 (British Summer Time),524,46,Sat Dec 30 1899 00:26:04 GMT+0000 (Greenwich Mean Time),0.5569,
Sandall Park,Sat Apr 19 2025 00:00:00 GMT+0100 (British Summer Time),533,24,Sat Dec 30 1899 00:21:01 GMT+0000 (Greenwich Mean Time),0.6907,
Southwark,Sat Apr 26 2025 00:00:00 GMT+0100 (British Summer Time),521,222,Sat Dec 30 1899 00:24:52 GMT+0000 (Greenwich Mean Time),0.5838,
Endcliffe,Sat May 03 2025 00:00:00 GMT+0100 (British Summer Time),662,39,Sat Dec 30 1899 00:19:56 GMT+0000 (Greenwich Mean Time),0.7283,
"Løvstien, Bergen",Sat May 17 2025 00:00:00 GMT+0100 (British Summer Time),249,6,Sat Dec 30 1899 00:21:40 GMT+0000 (Greenwich Mean Time),0.67,
Rothwell,Sat May 24 2025 00:00:00 GMT+0100 (British Summer Time),329,8,Sat Dec 30 1899 00:18:53 GMT+0000 (Greenwich Mean Time),0.7688,
Rothwell,Sat May 31 2025 00:00:00 GMT+0100 (British Summer Time),330,81,Sat Dec 30 1899 00:23:06 GMT+0000 (Greenwich Mean Time),0.6284,
Temple Newsam,Sat Jun 07 2025 00:00:00 GMT+0100 (British Summer Time),529,18,Sat Dec 30 1899 00:22:22 GMT+0000 (Greenwich Mean Time),0.649,
Temple Newsam,Sat Jun 14 2025 00:00:00 GMT+0100 (British Summer Time),530,67,Sat Dec 30 1899 00:26:50 GMT+0000 (Greenwich Mean Time),0.541,
Wetherby,Sat Jun 21 2025 00:00:00 GMT+0100 (British Summer Time),399,7,Sat Dec 30 1899 00:19:02 GMT+0000 (Greenwich Mean Time),0.7627,PB
Temple Newsam,Sat Jul 05 2025 00:00:00 GMT+0100 (British Summer Time),533,27,Sat Dec 30 1899 00:24:03 GMT+0000 (Greenwich Mean Time),0.6036,
Nonsuch,Sat Jul 12 2025 00:00:00 GMT+0100 (British Summer Time),641,16,Sat Dec 30 1899 00:19:20 GMT+0000 (Greenwich Mean Time),0.7509,
Nostell,Sat Jul 19 2025 00:00:00 GMT+0100 (British Summer Time),487,4,Sat Dec 30 1899 00:19:12 GMT+0000 (Greenwich Mean Time),0.7561,PB
Woodhouse Moor,Sat Aug 02 2025 00:00:00 GMT+0100 (British Summer Time),869,9,Sat Dec 30 1899 00:18:37 GMT+0000 (Greenwich Mean Time),0.7798,PB
Temple Newsam,Sat Aug 09 2025 00:00:00 GMT+0100 (British Summer Time),536,34,Sat Dec 30 1899 00:23:48 GMT+0000 (Greenwich Mean Time),0.6099,
Cusworth Hall,Sat Aug 16 2025 00:00:00 GMT+0100 (British Summer Time),230,4,Sat Dec 30 1899 00:19:04 GMT+0000 (Greenwich Mean Time),0.7614,PB
Cross Flatts,Sat Aug 23 2025 00:00:00 GMT+0100 (British Summer Time),558,1,Sat Dec 30 1899 00:18:16 GMT+0000 (Greenwich Mean Time),0.7947,PB
Temple Newsam,Sat Aug 30 2025 00:00:00 GMT+0100 (British Summer Time),539,6,Sat Dec 30 1899 00:20:15 GMT+0000 (Greenwich Mean Time),0.7169,
Alexandra,Sat Sep 13 2025 00:00:00 GMT+0100 (British Summer Time),201,30,Sat Dec 30 1899 00:18:07 GMT+0000 (Greenwich Mean Time),0.8013,
Woodhouse Moor,Sat Sep 27 2025 00:00:00 GMT+0100 (British Summer Time),876,33,Sat Dec 30 1899 00:19:30 GMT+0000 (Greenwich Mean Time),0.7504,
Temple Newsam,Sat Oct 04 2025 00:00:00 GMT+0100 (British Summer Time),544,18,Sat Dec 30 1899 00:22:23 GMT+0000 (Greenwich Mean Time),0.6538,
Potternewton,Sat Oct 11 2025 00:00:00 GMT+0100 (British Summer Time),273,4,Sat Dec 30 1899 00:19:29 GMT+0000 (Greenwich Mean Time),0.7511,
Roberts Park,Sat Oct 25 2025 00:00:00 GMT+0100 (British Summer Time),196,10,Sat Dec 30 1899 00:19:33 GMT+0000 (Greenwich Mean Time),0.7485,
Temple Newsam,Sat Nov 01 2025 00:00:00 GMT+0000 (Greenwich Mean Time),548,26,Sat Dec 30 1899 00:22:55 GMT+0000 (Greenwich Mean Time),0.6385,
Temple Newsam,Sat Nov 08 2025 00:00:00 GMT+0000 (Greenwich Mean Time),549,22,Sat Dec 30 1899 00:24:10 GMT+0000 (Greenwich Mean Time),0.6055,
Dalby Forest,Sat Nov 15 2025 00:00:00 GMT+0000 (Greenwich Mean Time),425,6,Sat Dec 30 1899 00:20:19 GMT+0000 (Greenwich Mean Time),0.7203,
Woodhouse Moor parkrun,Sat Nov 22 2025 00:00:00 GMT+0000 (Greenwich Mean Time),884,14,Sat Dec 30 1899 00:19:07 GMT+0000 (Greenwich Mean Time),0.7655,
Rothwell parkrun,Sat Nov 29 2025 00:00:00 GMT+0000 (Greenwich Mean Time),354,58,Sat Dec 30 1899 00:26:39 GMT+0000 (Greenwich Mean Time),0.5491,
Pontefract parkrun,Sat Dec 06 2025 00:00:00 GMT+0000 (Greenwich Mean Time),684,17,Sat Dec 30 1899 00:20:53 GMT+0000 (Greenwich Mean Time),0.7007,
Temple Newsam parkrun,Sat Dec 13 2025 00:00:00 GMT+0000 (Greenwich Mean Time),554,38,Sat Dec 30 1899 00:25:02 GMT+0000 (Greenwich Mean Time),0.5846,
Beacon Hill Country Park parkrun,Sat Dec 20 2025 00:00:00 GMT+0000 (Greenwich Mean Time),145,9,Sat Dec 30 1899 00:21:17 GMT+0000 (Greenwich Mean Time),0.6875,
Woodhouse Moor parkrun,Sat Dec 27 2025 00:00:00 GMT+0000 (Greenwich Mean Time),890,13,Sat Dec 30 1899 00:19:14 GMT+0000 (Greenwich Mean Time),0.7608,
Roundhay parkrun,Thu Dec 25 2025 00:00:00 GMT+0000 (Greenwich Mean Time),696,31,Sat Dec 30 1899 00:21:04 GMT+0000 (Greenwich Mean Time),0.6946,
Rothwell parkrun,Sat Jan 03 2026 00:00:00 GMT+0000 (Greenwich Mean Time),361,61,Sat Dec 30 1899 00:23:24 GMT+0000 (Greenwich Mean Time),0.6254,
Baysgarth Park parkrun,Thu Jan 01 2026 00:00:00 GMT+0000 (Greenwich Mean Time),114,2,Sat Dec 30 1899 00:19:48 GMT+0000 (Greenwich Mean Time),0.7391,
Woodhouse Moor parkrun,Sat Jan 17 2026 00:00:00 GMT+0000 (Greenwich Mean Time),894,15,Sat Dec 30 1899 00:19:02 GMT+0000 (Greenwich Mean Time),0.7688,
Rothwell parkrun,Sat Jan 10 2026 00:00:00 GMT+0000 (Greenwich Mean Time),362,128,Sat Dec 30 1899 00:25:36 GMT+0000 (Greenwich Mean Time),0.5716,
Potternewton parkrun,Sat Jan 24 2026 00:00:00 GMT+0000 (Greenwich Mean Time),287,52,Sat Dec 30 1899 00:25:06 GMT+0000 (Greenwich Mean Time),0.583,