2025 V45 St. Theresa's,,,,,,,,,,,
Event,Perf,,,,Pos,,,,Venue,Meeting,Date
2MXCL,Sat Dec 30 1899 14:09:00 GMT+0000 (Greenwich Mean Time),,,,51,L02,,,Graves Park,Northern Counties Relay Championships,Sat Oct 18 2025 00:00:00 GMT+0100 (British Summer Time)
2.7ML,Sat Dec 30 1899 18:08:00 GMT+0000 (Greenwich Mean Time),,,,37,L02,,14,Leeds,Golden Acre Relay,Tue Jul 15 2025 00:00:00 GMT+0100 (British Summer Time)
parkrun,Sat Dec 30 1899 18:07:00 GMT+0000 (Greenwich Mean Time),,,,30,,,1,Alexandra,Alexandra parkrun # 201,Sat Sep 13 2025 00:00:00 GMT+0100 (British Summer Time)
parkrun,Sat Dec 30 1899 18:16:00 GMT+0000 (Greenwich Mean Time),,,,1,,,1,Cross Flatts,Cross Flatts parkrun # 558,Sat Aug 23 2025 00:00:00 GMT+0100 (British Summer Time)
parkrun,Sat Dec 30 1899 18:21:00 GMT+0000 (Greenwich Mean Time),,,,9,,,,Hull,Hull parkrun # 725,Sat Apr 05 2025 00:00:00 GMT+0100 (British Summer Time)
parkrun,Sat Dec 30 1899 18:37:00 GMT+0000 (Greenwich Mean Time),,,,9,,,1,Woodhouse Moor,Woodhouse Moor parkrun # 869,Sat Aug 02 2025 00:00:00 GMT+0100 (British Summer Time)
parkrun,Sat Dec 30 1899 18:53:00 GMT+0000 (Greenwich Mean Time),,,,8,,,,Rothwell,Rothwell parkrun # 329,Sat May 24 2025 00:00:00 GMT+0100 (British Summer Time)
parkrun,Sat Dec 30 1899 19:02:00 GMT+0000 (Greenwich Mean Time),,,,7,,,1,Wetherby,Wetherby parkrun # 399,Sat Jun 21 2025 00:00:00 GMT+0100 (British Summer Time)
parkrun,Sat Dec 30 1899 19:04:00 GMT+0000 (Greenwich Mean Time),,,,4,,,,Cusworth Hall,Cusworth Hall parkrun # 230,Sat Aug 16 2025 00:00:00 GMT+0100 (British Summer Time)
parkrun,Sat Dec 30 1899 19:12:00 GMT+0000 (Greenwich Mean Time),,,,4,,,1,Nostell,Nostell parkrun # 487,Sat Jul 19 2025 00:00:00 GMT+0100 (British Summer Time)
parkrun,Sat Dec 30 1899 19:20:00 GMT+0000 (Greenwich Mean Time),,,,16,,,,Nonsuch,Nonsuch parkrun # 641,Sat Jul 12 2025 00:00:00 GMT+0100 (British Summer Time)
parkrun,Sat Dec 30 1899 19:27:00 GMT+0000 (Greenwich Mean Time),,,,29,,,,Woodhouse Moor,Woodhouse Moor parkrun # 853,Sat Mar 22 2025 00:00:00 GMT+0000 (Greenwich Mean Time)
parkrun,Sat Dec 30 1899 19:28:00 GMT+0000 (Greenwich Mean Time),,,,10,,,,Fountains Abbey,Fountains Abbey parkrun # 475,Wed Jan 01 2025 00:00:00 GMT+0000 (Greenwich Mean Time)
parkrun,Sat Dec 30 1899 19:29:00 GMT+0000 (Greenwich Mean Time),,,,4,,,1,Potternewton,Potternewton parkrun # 273,Sat Oct 11 2025 00:00:00 GMT+0100 (British Summer Time)
parkrun,Sat Dec 30 1899 19:30:00 GMT+0000 (Greenwich Mean Time),,,,33,,,,Woodhouse Moor,Woodhouse Moor parkrun # 876,Sat Sep 27 2025 00:00:00 GMT+0100 (British Summer Time)
parkrun,Sat Dec 30 1899 19:33:00 GMT+0000 (Greenwich Mean Time),,,,13,,,,Rothwell,Rothwell parkrun # 321,Sat Mar 08 2025 00:00:00 GMT+0000 (Greenwich Mean Time)
parkrun,Sat Dec 30 1899 19:33:00 GMT+0000 (Greenwich Mean Time),,,,10,,,1,Roberts Park,Roberts Park parkrun # 196,Sat Oct 25 2025 00:00:00 GMT+0100 (British Summer Time)
parkrun,Sat Dec 30 1899 19:39:00 GMT+0000 (Greenwich Mean Time),,,,23,,,1,Woodhouse Moor,Woodhouse Moor parkrun # 848,Sat Feb 15 2025 00:00:00 GMT+0000 (Greenwich Mean Time)
parkrun,Sat Dec 30 1899 19:49:00 GMT+0000 (Greenwich Mean Time),,,,5,,,1,Sheffield Castle,Sheffield Castle parkrun # 525,Sat Feb 22 2025 00:00:00 GMT+0000 (Greenwich Mean Time)
parkrun,Sat Dec 30 1899 19:56:00 GMT+0000 (Greenwich Mean Time),,,,39,,,1,Endcliffe,Endcliffe parkrun # 662,Sat May 03 2025 00:00:00 GMT+0100 (British Summer Time)
parkrun,Sat Dec 30 1899 20:15:00 GMT+0000 (Greenwich Mean Time),,,,6,,,,Temple Newsam,Temple Newsam parkrun # 539,Sat Aug 30 2025 00:00:00 GMT+0100 (British Summer Time)
parkrun,Sat Dec 30 1899 20:19:00 GMT+0000 (Greenwich Mean Time),,,,6,,,1,Dalby Forest,Dalby Forest parkrun # 425,Sat Nov 15 2025 00:00:00 GMT+0000 (Greenwich Mean Time)
parkrun,Sat Dec 30 1899 21:01:00 GMT+0000 (Greenwich Mean Time),,,,24,,,,Sandall Park,Sandall Park parkrun # 534,Sat Apr 19 2025 00:00:00 GMT+0100 (British Summer Time)
parkrun,Sat Dec 30 1899 21:03:00 GMT+0000 (Greenwich Mean Time),,,,6,,,,Talkin Tarn Country Park,Talkin Tarn Country Park parkrun # 157,Sat Feb 08 2025 00:00:00 GMT+0000 (Greenwich Mean Time)
parkrun,Sat Dec 30 1899 21:37:00 GMT+0000 (Greenwich Mean Time),,,,14,,,,Temple Newsam,Temple Newsam parkrun # 523,Sat Jan 18 2025 00:00:00 GMT+0000 (Greenwich Mean Time)
parkrun,Sat Dec 30 1899 21:40:00 GMT+0000 (Greenwich Mean Time),,,,6,,,,"Løvstien, Bergen, NOR","Løvstien, Bergen parkrun # 249",Sat May 17 2025 00:00:00 GMT+0100 (British Summer Time)
parkrun,Sat Dec 30 1899 22:12:00 GMT+0000 (Greenwich Mean Time),,,,8,,,,Clarence,Clarence parkrun # 72,Sat Mar 29 2025 00:00:00 GMT+0000 (Greenwich Mean Time)
parkrun,Sat Dec 30 1899 22:22:00 GMT+0000 (Greenwich Mean Time),,,,18,,,,Temple Newsam,Temple Newsam parkrun # 529,Sat Jun 07 2025 00:00:00 GMT+0100 (British Summer Time)
parkrun,Sat Dec 30 1899 22:23:00 GMT+0000 (Greenwich Mean Time),,,,18,,,,Temple Newsam,Temple Newsam parkrun # 544,Sat Oct 04 2025 00:00:00 GMT+0100 (British Summer Time)
parkrun,Sat Dec 30 1899 22:36:00 GMT+0000 (Greenwich Mean Time),,,,50,,,,Rothwell,Rothwell parkrun # 316,Sat Feb 01 2025 00:00:00 GMT+0000 (Greenwich Mean Time)
parkrun,Sat Dec 30 1899 22:55:00 GMT+0000 (Greenwich Mean Time),,,,26,,,,Temple Newsam,Temple Newsam parkrun # 548,Sat Nov 01 2025 00:00:00 GMT+0000 (Greenwich Mean Time)
parkrun,Sat Dec 30 1899 23:06:00 GMT+0000 (Greenwich Mean Time),,,,81,,,,Rothwell,Rothwell parkrun # 330,Sat May 31 2025 00:00:00 GMT+0100 (British Summer Time)
parkrun,Sat Dec 30 1899 23:11:00 GMT+0000 (Greenwich Mean Time),,,,16,,,,Temple Newsam,Temple Newsam parkrun # 531,Sat Mar 15 2025 00:00:00 GMT+0000 (Greenwich Mean Time)
parkrun,Sat Dec 30 1899 23:48:00 GMT+0000 (Greenwich Mean Time),,,,34,,,,Temple Newsam,Temple Newsam parkrun # 536,Sat Aug 09 2025 00:00:00 GMT+0100 (British Summer Time)
parkrun,Sun Dec 31 1899 00:03:00 GMT+0000 (Greenwich Mean Time),,,,27,,,,Temple Newsam,Temple Newsam parkrun # 533,Sat Jul 05 2025 00:00:00 GMT+0100 (British Summer Time)
parkrun,Sun Dec 31 1899 00:10:00 GMT+0000 (Greenwich Mean Time),,,,22,,,,Temple Newsam,Temple Newsam parkrun # 549,Sat Nov 08 2025 00:00:00 GMT+0000 (Greenwich Mean Time)
parkrun,Sun Dec 31 1899 00:35:00 GMT+0000 (Greenwich Mean Time),,,,31,,,,Temple Newsam,Temple Newsam parkrun # 521,Sat Jan 04 2025 00:00:00 GMT+0000 (Greenwich Mean Time)
parkrun,Sun Dec 31 1899 00:52:00 GMT+0000 (Greenwich Mean Time),,,,222,,,,Southwark,Southwark parkrun # 521,Sat Apr 26 2025 00:00:00 GMT+0100 (British Summer Time)
parkrun,Sun Dec 31 1899 00:59:00 GMT+0000 (Greenwich Mean Time),,,,48,,,,Temple Newsam,Temple Newsam parkrun # 524,Sat Jan 25 2025 00:00:00 GMT+0000 (Greenwich Mean Time)
parkrun,Sun Dec 31 1899 02:04:00 GMT+0000 (Greenwich Mean Time),,,,46,,,,Temple Newsam,Temple Newsam parkrun # 535,Sat Apr 12 2025 00:00:00 GMT+0100 (British Summer Time)
parkrun,Sun Dec 31 1899 02:50:00 GMT+0000 (Greenwich Mean Time),,,,67,,,,Temple Newsam,Temple Newsam parkrun # 530,Sat Jun 14 2025 00:00:00 GMT+0100 (British Summer Time)
5MMT,Sun Dec 31 1899 16:34:00 GMT+0000 (Greenwich Mean Time),,,,67,,,14,Morley,YVAA Grand Prix 5,Tue Jun 17 2025 00:00:00 GMT+0100 (British Summer Time)
10K,Sun Dec 31 1899 14:05:00 GMT+0000 (Greenwich Mean Time),,,Sun Dec 31 1899 14:25:00 GMT+0000 (Greenwich Mean Time),119,,,23,Leeds,Leeds 10K,Sun Jun 15 2025 00:00:00 GMT+0100 (British Summer Time)
10K,Sun Dec 31 1899 15:28:00 GMT+0000 (Greenwich Mean Time),,,Sun Dec 31 1899 15:32:00 GMT+0000 (Greenwich Mean Time),26,,,3,South Cave,South Cave 10K,Sun Jul 27 2025 00:00:00 GMT+0100 (British Summer Time)
10KMT,Sun Dec 31 1899 16:46:00 GMT+0000 (Greenwich Mean Time),,,,44,,,12,Kirkstall,YVAA Grand Prix 10K,Tue May 27 2025 00:00:00 GMT+0100 (British Summer Time)
10KMT,Sun Dec 31 1899 16:57:00 GMT+0000 (Greenwich Mean Time),,,Sun Dec 31 1899 16:58:00 GMT+0000 (Greenwich Mean Time),8,,,1,Temple Newsam,Track Restoration Fund Run 10K,Sun Aug 10 2025 00:00:00 GMT+0100 (British Summer Time)
10M,Tue Jan 02 1900 07:36:00 GMT+0000 (Greenwich Mean Time),,,Tue Jan 02 1900 08:16:00 GMT+0000 (Greenwich Mean Time),709,,,74,York,Yorkshire 10,Sun Oct 19 2025 00:00:00 GMT+0100 (British Summer Time)
10MMT,Tue Jan 02 1900 03:05:00 GMT+0000 (Greenwich Mean Time),,,Tue Jan 02 1900 03:15:00 GMT+0000 (Greenwich Mean Time),98,,,12,Temple Newsam,Temple Newsam 10,Sun Feb 16 2025 00:00:00 GMT+0000 (Greenwich Mean Time)
10MMT,Tue Jan 02 1900 07:47:00 GMT+0000 (Greenwich Mean Time),,,,30,,,7,Marsden,Marsden 10,Sun Jun 08 2025 00:00:00 GMT+0100 (British Summer Time)
HM,Tue Jan 02 1900 15:37:00 GMT+0000 (Greenwich Mean Time),,,Tue Jan 02 1900 15:47:00 GMT+0000 (Greenwich Mean Time),106,,,23,Leeds,Rob Burrow Leeds Half Marathon,Sun May 11 2025 00:00:00 GMT+0100 (British Summer Time)
HM,Tue Jan 02 1900 16:22:00 GMT+0000 (Greenwich Mean Time),,,Tue Jan 02 1900 16:46:00 GMT+0000 (Greenwich Mean Time),312,,,21,Middlesbrough,Middlesbrough Half Marathon,Sun Mar 02 2025 00:00:00 GMT+0000 (Greenwich Mean Time)
2024 V45 St. Theresa's,,,,,,,,,,,
Event,Perf,,,,Pos,,,,Venue,Meeting,Date
2.7ML,Sat Dec 30 1899 18:45:00 GMT+0000 (Greenwich Mean Time),,,,37,L2,,,Leeds,Golden Acre Relay,Tue Jul 16 2024 00:00:00 GMT+0100 (British Summer Time)
parkrun,Sat Dec 30 1899 18:19:00 GMT+0000 (Greenwich Mean Time),,,,18,,,,Stretford,Stretford parkrun # 345,Sat Mar 09 2024 00:00:00 GMT+0000 (Greenwich Mean Time)
parkrun,Sat Dec 30 1899 18:24:00 GMT+0000 (Greenwich Mean Time),,,,10,,,1,York,York parkrun # 522,Sat Sep 07 2024 00:00:00 GMT+0100 (British Summer Time)
parkrun,Sat Dec 30 1899 18:46:00 GMT+0000 (Greenwich Mean Time),,,,4,,,1,Ancholme Valley Way,Ancholme Valley Way parkrun # 133,Sat Nov 02 2024 00:00:00 GMT+0000 (Greenwich Mean Time)
parkrun,Sat Dec 30 1899 18:57:00 GMT+0000 (Greenwich Mean Time),,,,13,,,,Keswick,Keswick parkrun # 444,Sat May 18 2024 00:00:00 GMT+0100 (British Summer Time)
parkrun,Sat Dec 30 1899 19:00:00 GMT+0000 (Greenwich Mean Time),,,,12,,,1,Woodhouse Moor,Woodhouse Moor parkrun # 821,Sat Aug 24 2024 00:00:00 GMT+0100 (British Summer Time)
parkrun,Sat Dec 30 1899 19:11:00 GMT+0000 (Greenwich Mean Time),,,,7,,,,Osterley,Osterley parkrun # 475,Sat May 04 2024 00:00:00 GMT+0100 (British Summer Time)
parkrun,Sat Dec 30 1899 19:11:00 GMT+0000 (Greenwich Mean Time),,,,12,,,,"Lister Park, Bradford","Lister Park, Bradford parkrun # 644",Sat May 25 2024 00:00:00 GMT+0100 (British Summer Time)
parkrun,Sat Dec 30 1899 19:12:00 GMT+0000 (Greenwich Mean Time),,,,13,,,,Millhouses,Millhouses parkrun # 176,Sat Oct 26 2024 00:00:00 GMT+0100 (British Summer Time)
parkrun,Sat Dec 30 1899 19:13:00 GMT+0000 (Greenwich Mean Time),,,,10,,,1,"Lister Park, Bradford","Lister Park, Bradford parkrun # 663",Sat Oct 05 2024 00:00:00 GMT+0100 (British Summer Time)
parkrun,Sat Dec 30 1899 19:14:00 GMT+0000 (Greenwich Mean Time),,,,12,,,1,Woodhouse Moor,Woodhouse Moor parkrun # 814,Sat Jul 06 2024 00:00:00 GMT+0100 (British Summer Time)
parkrun,Sat Dec 30 1899 19:19:00 GMT+0000 (Greenwich Mean Time),,,,2,,,1,Dewsbury,Dewsbury parkrun # 539,Sat Mar 02 2024 00:00:00 GMT+0000 (Greenwich Mean Time)
parkrun,Sat Dec 30 1899 19:19:00 GMT+0000 (Greenwich Mean Time),,,,5,,,1,Goole,Goole parkrun # 375,Sat Jul 27 2024 00:00:00 GMT+0100 (British Summer Time)
parkrun,Sat Dec 30 1899 19:24:00 GMT+0000 (Greenwich Mean Time),,,,8,,,,Penistone,Penistone parkrun # 153,Sat Feb 17 2024 00:00:00 GMT+0000 (Greenwich Mean Time)
parkrun,Sat Dec 30 1899 19:28:00 GMT+0000 (Greenwich Mean Time),,,,17,,,,Brooklands,Brooklands parkrun # 223,Sat Dec 21 2024 00:00:00 GMT+0000 (Greenwich Mean Time)
parkrun,Sat Dec 30 1899 19:30:00 GMT+0000 (Greenwich Mean Time),,,,5,,,,Armley,Armley parkrun # 253,Sat Sep 14 2024 00:00:00 GMT+0100 (British Summer Time)
parkrun,Sat Dec 30 1899 19:31:00 GMT+0000 (Greenwich Mean Time),,,,3,,,,Jubilee,Jubilee parkrun # 138,Sat Feb 10 2024 00:00:00 GMT+0000 (Greenwich Mean Time)
parkrun,Sat Dec 30 1899 19:37:00 GMT+0000 (Greenwich Mean Time),,,,7,,,,Roundhay,Roundhay parkrun # 621,Sat Jul 20 2024 00:00:00 GMT+0100 (British Summer Time)
parkrun,Sat Dec 30 1899 19:43:00 GMT+0000 (Greenwich Mean Time),,,,4,,,1,Rothwell,Rothwell parkrun # 306,Sat Dec 07 2024 00:00:00 GMT+0000 (Greenwich Mean Time)
parkrun,Sat Dec 30 1899 19:57:00 GMT+0000 (Greenwich Mean Time),,,,7,,,,Rothwell,Rothwell parkrun # 271,Sat Apr 06 2024 00:00:00 GMT+0100 (British Summer Time)
parkrun,Sat Dec 30 1899 20:02:00 GMT+0000 (Greenwich Mean Time),,,,9,,,,Rothwell,Rothwell parkrun # 259,Sat Jan 13 2024 00:00:00 GMT+0000 (Greenwich Mean Time)
parkrun,Sat Dec 30 1899 20:21:00 GMT+0000 (Greenwich Mean Time),,,,4,,,1,Thorp Perrow,Thorp Perrow parkrun # 44,Sat Aug 10 2024 00:00:00 GMT+0100 (British Summer Time)
parkrun,Sat Dec 30 1899 20:48:00 GMT+0000 (Greenwich Mean Time),,,,5,,,1,Graves,Graves parkrun # 530,Sat Mar 23 2024 00:00:00 GMT+0000 (Greenwich Mean Time)
parkrun,Sat Dec 30 1899 20:59:00 GMT+0000 (Greenwich Mean Time),,,,4,,,1,Middleton Woods,Middleton Woods parkrun # 257,Sat Oct 12 2024 00:00:00 GMT+0100 (British Summer Time)
parkrun,Sat Dec 30 1899 21:11:00 GMT+0000 (Greenwich Mean Time),,,,21,,,,Rothwell,Rothwell parkrun # 279,Sat Jun 01 2024 00:00:00 GMT+0100 (British Summer Time)
parkrun,Sat Dec 30 1899 21:19:00 GMT+0000 (Greenwich Mean Time),,,,3,,,1,Chadderton Hall,Chadderton Hall parkrun # 317,Sat Jan 06 2024 00:00:00 GMT+0000 (Greenwich Mean Time)
parkrun,Sat Dec 30 1899 21:51:00 GMT+0000 (Greenwich Mean Time),,,,12,,,1,Temple Newsam,Temple Newsam parkrun # 485,Sat Apr 27 2024 00:00:00 GMT+0100 (British Summer Time)
parkrun,Sat Dec 30 1899 21:59:00 GMT+0000 (Greenwich Mean Time),,,,9,,,1,Temple Newsam,Temple Newsam parkrun # 481,Sat Mar 30 2024 00:00:00 GMT+0000 (Greenwich Mean Time)
parkrun,Sat Dec 30 1899 22:05:00 GMT+0000 (Greenwich Mean Time),,,,79,,,,Woodhouse Moor,Woodhouse Moor parkrun # 803,Sat Apr 20 2024 00:00:00 GMT+0100 (British Summer Time)
parkrun,Sat Dec 30 1899 22:07:00 GMT+0000 (Greenwich Mean Time),,,,24,,,,Lloyd,Lloyd parkrun # 659,Sat Jun 15 2024 00:00:00 GMT+0100 (British Summer Time)
parkrun,Sat Dec 30 1899 22:16:00 GMT+0000 (Greenwich Mean Time),,,,35,,,,Rothwell,Rothwell parkrun # 309,Wed Dec 25 2024 00:00:00 GMT+0000 (Greenwich Mean Time)
parkrun,Sat Dec 30 1899 22:24:00 GMT+0000 (Greenwich Mean Time),,,,44,,,,Rothwell,Rothwell parkrun # 296,Sat Sep 28 2024 00:00:00 GMT+0100 (British Summer Time)
parkrun,Sat Dec 30 1899 22:45:00 GMT+0000 (Greenwich Mean Time),,,,43,,,,Rothwell,Rothwell parkrun # 282,Sat Jun 22 2024 00:00:00 GMT+0100 (British Summer Time)
parkrun,Sat Dec 30 1899 22:56:00 GMT+0000 (Greenwich Mean Time),,,,22,,,,Temple Newsam,Temple Newsam parkrun # 496,Sat Jul 13 2024 00:00:00 GMT+0100 (British Summer Time)
parkrun,Sat Dec 30 1899 23:10:00 GMT+0000 (Greenwich Mean Time),,,,44,,,,Bramhall Park,Bramhall Park parkrun # 737,Sat May 11 2024 00:00:00 GMT+0100 (British Summer Time)
parkrun,Sat Dec 30 1899 23:22:00 GMT+0000 (Greenwich Mean Time),,,,18,,,,Temple Newsam,Temple Newsam parkrun # 501,Sat Aug 17 2024 00:00:00 GMT+0100 (British Summer Time)
parkrun,Sat Dec 30 1899 23:57:00 GMT+0000 (Greenwich Mean Time),,,,19,,,,Temple Newsam,Temple Newsam parkrun # 479,Sat Mar 16 2024 00:00:00 GMT+0000 (Greenwich Mean Time)
parkrun,Sun Dec 31 1899 00:24:00 GMT+0000 (Greenwich Mean Time),,,,29,,,,Temple Newsam,Temple Newsam parkrun # 516,Sat Nov 30 2024 00:00:00 GMT+0000 (Greenwich Mean Time)
parkrun,Sun Dec 31 1899 01:17:00 GMT+0000 (Greenwich Mean Time),,,,93,,,,Roundhay,Roundhay parkrun # 645,Sat Dec 28 2024 00:00:00 GMT+0000 (Greenwich Mean Time)
parkrun,Sun Dec 31 1899 01:22:00 GMT+0000 (Greenwich Mean Time),,,,85,,,,Rothwell,Rothwell parkrun # 288,Sat Aug 03 2024 00:00:00 GMT+0100 (British Summer Time)
parkrun,Sun Dec 31 1899 01:31:00 GMT+0000 (Greenwich Mean Time),,,,42,,,,Temple Newsam,Temple Newsam parkrun # 513,Sat Nov 09 2024 00:00:00 GMT+0000 (Greenwich Mean Time)
parkrun,Sun Dec 31 1899 02:18:00 GMT+0000 (Greenwich Mean Time),,,,28,,,,"Schoterbos, NED",Schoterbos parkrun # 161,Sat Oct 19 2024 00:00:00 GMT+0100 (British Summer Time)
parkrun,Sun Dec 31 1899 03:12:00 GMT+0000 (Greenwich Mean Time),,,,59,,,,Temple Newsam,Temple Newsam parkrun # 518,Sat Dec 14 2024 00:00:00 GMT+0000 (Greenwich Mean Time)
parkrun,Sun Dec 31 1899 03:44:00 GMT+0000 (Greenwich Mean Time),,,,97,,,,Selby,Selby parkrun # 245,Sat Feb 03 2024 00:00:00 GMT+0000 (Greenwich Mean Time)
parkrun,Sun Dec 31 1899 05:09:00 GMT+0000 (Greenwich Mean Time),,,,164,,,,Pontefract,Pontefract parkrun # 587,Mon Jan 01 2024 00:00:00 GMT+0000 (Greenwich Mean Time)
parkrun,Sun Dec 31 1899 05:11:00 GMT+0000 (Greenwich Mean Time),,,,193,,,,Rothwell,Rothwell parkrun # 260,Sat Jan 20 2024 00:00:00 GMT+0000 (Greenwich Mean Time)
parkrun,Sun Dec 31 1899 05:24:00 GMT+0000 (Greenwich Mean Time),,,,268,,,,Fountains Abbey,Fountains Abbey parkrun # 430,Sat Feb 24 2024 00:00:00 GMT+0000 (Greenwich Mean Time)
4.3MXC,Sun Dec 31 1899 07:12:00 GMT+0000 (Greenwich Mean Time),,,,182,,,28,Temple Newsam,PECO League,Sun Nov 17 2024 00:00:00 GMT+0000 (Greenwich Mean Time)
4.5MXC,Sat Dec 30 1899 23:25:00 GMT+0000 (Greenwich Mean Time),,,,191,,,27,Pontefract Park,PECO League,Sun Dec 01 2024 00:00:00 GMT+0000 (Greenwich Mean Time)
4.5MXC,Sun Dec 31 1899 10:02:00 GMT+0000 (Greenwich Mean Time),,,,135,,,22,Middleton Park,PECO League,Sun Jan 28 2024 00:00:00 GMT+0000 (Greenwich Mean Time)
4.7MXC,Sun Dec 31 1899 09:56:00 GMT+0000 (Greenwich Mean Time),,,,128,,,21,Roundhay Park,PECO League,Sun Feb 25 2024 00:00:00 GMT+0000 (Greenwich Mean Time)
8KMT,Sun Dec 31 1899 14:17:00 GMT+0000 (Greenwich Mean Time),,,Sun Dec 31 1899 14:19:00 GMT+0000 (Greenwich Mean Time),17,,,8,Aberford,Lotherton Hall 8K,Fri Aug 02 2024 00:00:00 GMT+0100 (British Summer Time)
10K,Sun Dec 31 1899 13:10:00 GMT+0000 (Greenwich Mean Time),,,Sun Dec 31 1899 13:26:00 GMT+0000 (Greenwich Mean Time),212,,,17,Dewsbury,Dewsbury 10K,Sun Feb 04 2024 00:00:00 GMT+0000 (Greenwich Mean Time)
10K,Sun Dec 31 1899 15:43:00 GMT+0000 (Greenwich Mean Time),,,Sun Dec 31 1899 16:01:00 GMT+0000 (Greenwich Mean Time),192,,,37,Leeds,Leeds 10K,Sun Jun 23 2024 00:00:00 GMT+0100 (British Summer Time)
10K,Sun Dec 31 1899 20:39:00 GMT+0000 (Greenwich Mean Time),,,Sun Dec 31 1899 22:46:00 GMT+0000 (Greenwich Mean Time),1011,,,66,Leeds,Leeds Abbey Dash 10K,Sun Oct 13 2024 00:00:00 GMT+0100 (British Summer Time)
10KMT,Sun Dec 31 1899 16:51:00 GMT+0000 (Greenwich Mean Time),,,,12,,,,Pontefract,Ken Bingley Memorial 10K,Sun Aug 18 2024 00:00:00 GMT+0100 (British Summer Time)
10KMT,Sun Dec 31 1899 17:57:00 GMT+0000 (Greenwich Mean Time),,,Sun Dec 31 1899 18:00:00 GMT+0000 (Greenwich Mean Time),26,,,3,Goole,Goole River Bank Challenge 10K,Sun May 26 2024 00:00:00 GMT+0100 (British Summer Time)
10KMT,Sun Dec 31 1899 19:09:00 GMT+0000 (Greenwich Mean Time),,,,43,,,11,Kirkstall,YVAA Grand Prix 10K,Tue May 28 2024 00:00:00 GMT+0100 (British Summer Time)
7MMT,Mon Jan 01 1900 05:06:00 GMT+0000 (Greenwich Mean Time),,,Mon Jan 01 1900 05:14:00 GMT+0000 (Greenwich Mean Time),212,,,19,Guiseley,Chevin Chase 7,Thu Dec 26 2024 00:00:00 GMT+0000 (Greenwich Mean Time)
HM,Tue Jan 02 1900 12:12:00 GMT+0000 (Greenwich Mean Time),,,Tue Jan 02 1900 12:31:00 GMT+0000 (Greenwich Mean Time),297,,,34,York,Brass Monkey Half Marathon,Sun Jan 21 2024 00:00:00 GMT+0000 (Greenwich Mean Time)
HM,Tue Jan 02 1900 16:30:00 GMT+0000 (Greenwich Mean Time),,,Tue Jan 02 1900 16:45:00 GMT+0000 (Greenwich Mean Time),111,,,106,Leeds,Leeds Half Marathon,Sun May 12 2024 00:00:00 GMT+0100 (British Summer Time)
HM,Tue Jan 02 1900 17:39:00 GMT+0000 (Greenwich Mean Time),,,Tue Jan 02 1900 17:52:00 GMT+0000 (Greenwich Mean Time),241,,,26,Scunthorpe,North Lincolnshire Half Marathon,Sun Mar 17 2024 00:00:00 GMT+0000 (Greenwich Mean Time)
Mar,Sat Dec 30 1899 02:59:00 GMT+0000 (Greenwich Mean Time),c,,,1062,,,91,Manchester,Adidas Manchester Marathon,Sun Apr 14 2024 00:00:00 GMT+0100 (British Summer Time)
2023 V45 St. Theresa's,,,,,,,,,,,
Event,Perf,,,,Pos,,,,Venue,Meeting,Date
2.7ML,Sat Dec 30 1899 18:10:00 GMT+0000 (Greenwich Mean Time),,,,34,L2,,7,Leeds,Golden Acre Relay,Tue Jul 18 2023 00:00:00 GMT+0100 (British Summer Time)
5K,Sat Dec 30 1899 18:45:00 GMT+0000 (Greenwich Mean Time),,,Sat Dec 30 1899 18:47:00 GMT+0000 (Greenwich Mean Time),43,,,5,York,Even Splits York 5K Series,Fri May 12 2023 00:00:00 GMT+0100 (British Summer Time)
parkrun,Sat Dec 30 1899 17:59:00 GMT+0000 (Greenwich Mean Time),,,,8,,,,Hull,Hull parkrun # 649,Sat Nov 11 2023 00:00:00 GMT+0000 (Greenwich Mean Time)
parkrun,Sat Dec 30 1899 18:26:00 GMT+0000 (Greenwich Mean Time),,,,4,,,1,Pontefract,Pontefract parkrun # 572,Sat Sep 30 2023 00:00:00 GMT+0100 (British Summer Time)
parkrun,Sat Dec 30 1899 18:27:00 GMT+0000 (Greenwich Mean Time),,,,12,,,,York,York parkrun # 461,Sat May 20 2023 00:00:00 GMT+0100 (British Summer Time)
parkrun,Sat Dec 30 1899 18:30:00 GMT+0000 (Greenwich Mean Time),,,,20,,,,Long Eaton,Long Eaton parkrun # 314,Sat Jan 28 2023 00:00:00 GMT+0000 (Greenwich Mean Time)
parkrun,Sat Dec 30 1899 18:39:00 GMT+0000 (Greenwich Mean Time),,,,8,,,,Pontefract,Pontefract parkrun # 571,Sat Sep 23 2023 00:00:00 GMT+0100 (British Summer Time)
parkrun,Sat Dec 30 1899 18:40:00 GMT+0000 (Greenwich Mean Time),,,,12,,,,Fountains Abbey,Fountains Abbey parkrun # 403,Sat Aug 12 2023 00:00:00 GMT+0100 (British Summer Time)
parkrun,Sat Dec 30 1899 18:49:00 GMT+0000 (Greenwich Mean Time),,,,1,,,1,Rothwell,Rothwell parkrun # 238,Sat Aug 26 2023 00:00:00 GMT+0100 (British Summer Time)
parkrun,Sat Dec 30 1899 18:57:00 GMT+0000 (Greenwich Mean Time),,,,3,,,1,Ruthin Memorial Playing Fields,Ruthin Memorial Playing Fields parkrun # 32,Sun Jan 01 2023 00:00:00 GMT+0000 (Greenwich Mean Time)
parkrun,Sat Dec 30 1899 19:05:00 GMT+0000 (Greenwich Mean Time),,,,7,,,1,Cross Flatts,Cross Flatts parkrun # 446,Sat May 27 2023 00:00:00 GMT+0100 (British Summer Time)
parkrun,Sat Dec 30 1899 19:21:00 GMT+0000 (Greenwich Mean Time),,,,6,,,,Cross Flatts,Cross Flatts parkrun # 443,Sat May 06 2023 00:00:00 GMT+0100 (British Summer Time)
parkrun,Sat Dec 30 1899 19:22:00 GMT+0000 (Greenwich Mean Time),,,,2,,,1,Potternewton,Potternewton parkrun # 176,Sat Oct 14 2023 00:00:00 GMT+0100 (British Summer Time)
parkrun,Sat Dec 30 1899 19:27:00 GMT+0000 (Greenwich Mean Time),,,,13,,,,Braunstone,Braunstone parkrun # 615,Mon Dec 25 2023 00:00:00 GMT+0000 (Greenwich Mean Time)
parkrun,Sat Dec 30 1899 19:28:00 GMT+0000 (Greenwich Mean Time),,,,4,,,,Wakefield Thornes,Wakefield Thornes parkrun # 365,Sat Jul 22 2023 00:00:00 GMT+0100 (British Summer Time)
parkrun,Sat Dec 30 1899 19:31:00 GMT+0000 (Greenwich Mean Time),,,,7,,,,Dalby Forest,Dalby Forest parkrun # 302,Sat Jun 24 2023 00:00:00 GMT+0100 (British Summer Time)
parkrun,Sat Dec 30 1899 19:36:00 GMT+0000 (Greenwich Mean Time),,,,4,,,1,Rotherham,Rotherham parkrun # 419,Sat Feb 18 2023 00:00:00 GMT+0000 (Greenwich Mean Time)
parkrun,Sat Dec 30 1899 19:43:00 GMT+0000 (Greenwich Mean Time),,,,3,,,1,Bowling Park,Bowling Park parkrun # 86,Sat Mar 25 2023 00:00:00 GMT+0000 (Greenwich Mean Time)
parkrun,Sat Dec 30 1899 19:43:00 GMT+0000 (Greenwich Mean Time),,,,4,,,1,Temple Newsam,Temple Newsam parkrun # 460,Sat Oct 28 2023 00:00:00 GMT+0100 (British Summer Time)
parkrun,Sat Dec 30 1899 19:47:00 GMT+0000 (Greenwich Mean Time),,,,7,,,,Conkers,Conkers parkrun # 587,Sat Aug 05 2023 00:00:00 GMT+0100 (British Summer Time)
parkrun,Sat Dec 30 1899 19:50:00 GMT+0000 (Greenwich Mean Time),,,,4,,,1,Temple Newsam,Temple Newsam parkrun # 443,Sat Jul 01 2023 00:00:00 GMT+0100 (British Summer Time)
parkrun,Sat Dec 30 1899 19:51:00 GMT+0000 (Greenwich Mean Time),,,,4,,,1,Bramley,Bramley parkrun # 341,Sat Nov 25 2023 00:00:00 GMT+0000 (Greenwich Mean Time)
parkrun,Sat Dec 30 1899 19:52:00 GMT+0000 (Greenwich Mean Time),,,,3,,,,Glossop,Glossop parkrun # 330,Sat Dec 16 2023 00:00:00 GMT+0000 (Greenwich Mean Time)
parkrun,Sat Dec 30 1899 19:52:00 GMT+0000 (Greenwich Mean Time),,,,17,,,,Frimley Lodge,Frimley Lodge parkrun # 652,Sat Dec 23 2023 00:00:00 GMT+0000 (Greenwich Mean Time)
parkrun,Sat Dec 30 1899 19:53:00 GMT+0000 (Greenwich Mean Time),,,,19,,,,Watermead Country Park,Watermead Country Park parkrun # 85,Sat Jun 17 2023 00:00:00 GMT+0100 (British Summer Time)
parkrun,Sat Dec 30 1899 19:54:00 GMT+0000 (Greenwich Mean Time),,,,2,,,1,Frickley Country,Frickley Country parkrun # 155,Sat Jun 03 2023 00:00:00 GMT+0100 (British Summer Time)
parkrun,Sat Dec 30 1899 20:16:00 GMT+0000 (Greenwich Mean Time),,,,3,,,,Cusworth Hall,Cusworth Hall parkrun # 126,Sat Jul 29 2023 00:00:00 GMT+0100 (British Summer Time)
parkrun,Sat Dec 30 1899 20:31:00 GMT+0000 (Greenwich Mean Time),,,,2,,,1,Halifax,Halifax parkrun # 363,Sat Dec 09 2023 00:00:00 GMT+0000 (Greenwich Mean Time)
parkrun,Sat Dec 30 1899 21:06:00 GMT+0000 (Greenwich Mean Time),,,,11,,,,Normanby Hall,Normanby Hall parkrun # 211,Sat Jul 08 2023 00:00:00 GMT+0100 (British Summer Time)
parkrun,Sat Dec 30 1899 21:21:00 GMT+0000 (Greenwich Mean Time),,,,5,,,,Cliffe Castle,Cliffe Castle parkrun # 164,Sat Mar 18 2023 00:00:00 GMT+0000 (Greenwich Mean Time)
parkrun,Sat Dec 30 1899 21:38:00 GMT+0000 (Greenwich Mean Time),,,,70,,,,Woodhouse Moor,Woodhouse Moor parkrun # 742,Sat Feb 11 2023 00:00:00 GMT+0000 (Greenwich Mean Time)
parkrun,Sat Dec 30 1899 22:56:00 GMT+0000 (Greenwich Mean Time),,,,20,,,,Temple Newsam,Temple Newsam parkrun # 463,Sat Nov 18 2023 00:00:00 GMT+0000 (Greenwich Mean Time)
parkrun,Sat Dec 30 1899 23:17:00 GMT+0000 (Greenwich Mean Time),,,,3,,,1,Thorp Perrow,Thorp Perrow parkrun # 3,Sat Sep 16 2023 00:00:00 GMT+0100 (British Summer Time)
parkrun,Sat Dec 30 1899 23:45:00 GMT+0000 (Greenwich Mean Time),,,,19,,,,Temple Newsam,Temple Newsam parkrun # 459,Sat Oct 21 2023 00:00:00 GMT+0100 (British Summer Time)
parkrun,Sat Dec 30 1899 23:55:00 GMT+0000 (Greenwich Mean Time),,,,27,,,,Temple Newsam,Temple Newsam parkrun # 452,Sat Sep 02 2023 00:00:00 GMT+0100 (British Summer Time)
parkrun,Sat Dec 30 1899 23:58:00 GMT+0000 (Greenwich Mean Time),,,,36,,,,Brighouse,Brighouse parkrun # 242,Sat Apr 15 2023 00:00:00 GMT+0100 (British Summer Time)
parkrun,Sun Dec 31 1899 00:05:00 GMT+0000 (Greenwich Mean Time),,,,38,,,,Temple Newsam,Temple Newsam parkrun # 469,Sat Dec 30 2023 00:00:00 GMT+0000 (Greenwich Mean Time)
parkrun,Sun Dec 31 1899 00:19:00 GMT+0000 (Greenwich Mean Time),,,,66,,,,Rothwell,Rothwell parkrun # 214,Sat Feb 25 2023 00:00:00 GMT+0000 (Greenwich Mean Time)
parkrun,Sun Dec 31 1899 00:28:00 GMT+0000 (Greenwich Mean Time),,,,51,,,,"Westpark, GER",Westpark parkrun # 177,Sat Oct 07 2023 00:00:00 GMT+0100 (British Summer Time)
parkrun,Sun Dec 31 1899 00:44:00 GMT+0000 (Greenwich Mean Time),,,,55,,,,Temple Newsam,Temple Newsam parkrun # 427,Sat Feb 04 2023 00:00:00 GMT+0000 (Greenwich Mean Time)
parkrun,Sun Dec 31 1899 00:58:00 GMT+0000 (Greenwich Mean Time),,,,27,,,,Temple Newsam,Temple Newsam parkrun # 435,Sat Apr 08 2023 00:00:00 GMT+0100 (British Summer Time)
parkrun,Sun Dec 31 1899 01:02:00 GMT+0000 (Greenwich Mean Time),,,,198,,,,Burgess,Burgess parkrun # 466,Sat Apr 22 2023 00:00:00 GMT+0100 (British Summer Time)
parkrun,Sun Dec 31 1899 01:03:00 GMT+0000 (Greenwich Mean Time),,,,115,,,,Hillsborough,Hillsborough parkrun # 441,Sat Jan 07 2023 00:00:00 GMT+0000 (Greenwich Mean Time)
parkrun,Sun Dec 31 1899 01:17:00 GMT+0000 (Greenwich Mean Time),,,,45,,,,Haigh Woodland,Haigh Woodland parkrun # 316,Sat Jun 10 2023 00:00:00 GMT+0100 (British Summer Time)
parkrun,Sun Dec 31 1899 01:33:00 GMT+0000 (Greenwich Mean Time),,,,46,,,,Temple Newsam,Temple Newsam parkrun # 430,Sat Mar 04 2023 00:00:00 GMT+0000 (Greenwich Mean Time)
parkrun,Sun Dec 31 1899 01:41:00 GMT+0000 (Greenwich Mean Time),,,,38,,,,Epworth Equestrian,Epworth Equestrian parkrun # 4,Sat Aug 19 2023 00:00:00 GMT+0100 (British Summer Time)
parkrun,Sun Dec 31 1899 02:01:00 GMT+0000 (Greenwich Mean Time),,,,30,,,,Temple Newsam,Temple Newsam parkrun # 434,Sat Apr 01 2023 00:00:00 GMT+0100 (British Summer Time)
parkrun,Sun Dec 31 1899 03:21:00 GMT+0000 (Greenwich Mean Time),,,,100,,,,Rothwell,Rothwell parkrun # 208,Sat Jan 14 2023 00:00:00 GMT+0000 (Greenwich Mean Time)
parkrun,Sun Dec 31 1899 04:46:00 GMT+0000 (Greenwich Mean Time),,,,64,,,,Temple Newsam,Temple Newsam parkrun # 438,Sat Apr 29 2023 00:00:00 GMT+0100 (British Summer Time)
parkrun,Sun Dec 31 1899 07:40:00 GMT+0000 (Greenwich Mean Time),,,,163,,,,Rothwell,Rothwell parkrun # 224,Sat May 13 2023 00:00:00 GMT+0100 (British Summer Time)
4.2MXC,Sun Dec 31 1899 06:28:00 GMT+0000 (Greenwich Mean Time),,,,196,,,32,West Park,PECO League,Sun Jan 22 2023 00:00:00 GMT+0000 (Greenwich Mean Time)
4.3MXC,Sun Dec 31 1899 09:01:00 GMT+0000 (Greenwich Mean Time),,,,194,,,36,Temple Newsam,PECO League,Sun Dec 03 2023 00:00:00 GMT+0000 (Greenwich Mean Time)
4.5MXC,Sun Dec 31 1899 09:44:00 GMT+0000 (Greenwich Mean Time),,,,155,,,26,Middleton Park,PECO League,Sun Nov 12 2023 00:00:00 GMT+0000 (Greenwich Mean Time)
4.6MXC,Sun Dec 31 1899 07:42:00 GMT+0000 (Greenwich Mean Time),,,,138,,,20,West Park,PECO League,Sun Dec 17 2023 00:00:00 GMT+0000 (Greenwich Mean Time)
5MMT,Sun Dec 31 1899 12:50:00 GMT+0000 (Greenwich Mean Time),,,,47,,,9,Pudsey,YVAA Grand Prix 5,Tue Aug 08 2023 00:00:00 GMT+0100 (British Summer Time)
10K,Sun Dec 31 1899 14:01:00 GMT+0000 (Greenwich Mean Time),,,Sun Dec 31 1899 14:16:00 GMT+0000 (Greenwich Mean Time),281,,,,Dewsbury,Dewsbury 10K,Sun Feb 05 2023 00:00:00 GMT+0000 (Greenwich Mean Time)
10K,Sun Dec 31 1899 20:29:00 GMT+0000 (Greenwich Mean Time),c,,,970,,,77,Leeds,Leeds Abbey Dash 10K,Sun Oct 22 2023 00:00:00 GMT+0100 (British Summer Time)
10K,Mon Jan 01 1900 06:32:00 GMT+0000 (Greenwich Mean Time),,,Mon Jan 01 1900 06:58:00 GMT+0000 (Greenwich Mean Time),,,,,Bradford,Epilepsy Action Bradford 10K,Sun May 28 2023 00:00:00 GMT+0100 (British Summer Time)
10KMT,Sun Dec 31 1899 15:02:00 GMT+0000 (Greenwich Mean Time),,,Sun Dec 31 1899 15:04:00 GMT+0000 (Greenwich Mean Time),17,,,7,Escrick,Escrick 10K,Sun Aug 20 2023 00:00:00 GMT+0100 (British Summer Time)
10KMT,Sun Dec 31 1899 15:16:00 GMT+0000 (Greenwich Mean Time),,,Sun Dec 31 1899 15:21:00 GMT+0000 (Greenwich Mean Time),35,,,4,Wetherby,Wetherby 10K,Sun Sep 17 2023 00:00:00 GMT+0100 (British Summer Time)
10KMT,Sun Dec 31 1899 21:27:00 GMT+0000 (Greenwich Mean Time),,,Sun Dec 31 1899 21:32:00 GMT+0000 (Greenwich Mean Time),47,,,9,Ripon,Jolly Holly Jog 10K,Sun Dec 31 2023 00:00:00 GMT+0000 (Greenwich Mean Time)
10KMT,Sun Dec 31 1899 21:39:00 GMT+0000 (Greenwich Mean Time),,,Sun Dec 31 1899 21:45:00 GMT+0000 (Greenwich Mean Time),54,,,8,Apperley Bridge,Apperley Bridge Canter 10K,Thu Jun 01 2023 00:00:00 GMT+0100 (British Summer Time)
10M,Tue Jan 02 1900 01:41:00 GMT+0000 (Greenwich Mean Time),,,Tue Jan 02 1900 01:53:00 GMT+0000 (Greenwich Mean Time),120,,,17,York,Vale of York 5 / 10,Sun Apr 16 2023 00:00:00 GMT+0100 (British Summer Time)
10MMT,Mon Jan 01 1900 23:38:00 GMT+0000 (Greenwich Mean Time),,,Mon Jan 01 1900 23:42:00 GMT+0000 (Greenwich Mean Time),42,,,7,Temple Newsam,Temple Newsam 10,Sun Jan 08 2023 00:00:00 GMT+0000 (Greenwich Mean Time)
HM,Tue Jan 02 1900 14:46:00 GMT+0000 (Greenwich Mean Time),,,Tue Jan 02 1900 15:16:00 GMT+0000 (Greenwich Mean Time),134,,,6,"Munich, GER",Generali München Half Marathon,Sun Oct 08 2023 00:00:00 GMT+0100 (British Summer Time)
HM,Tue Jan 02 1900 15:48:00 GMT+0000 (Greenwich Mean Time),,,Tue Jan 02 1900 16:17:00 GMT+0000 (Greenwich Mean Time),418,,,57,York,Brass Monkey Half Marathon,Sun Jan 15 2023 00:00:00 GMT+0000 (Greenwich Mean Time)
HM,Tue Jan 02 1900 20:20:00 GMT+0000 (Greenwich Mean Time),,,Tue Jan 02 1900 20:26:00 GMT+0000 (Greenwich Mean Time),171,,,18,York,Vale of York 10K / Half Marathon,Sun Sep 10 2023 00:00:00 GMT+0100 (British Summer Time)
Mar,Sat Dec 30 1899 03:10:02 GMT+0000 (Greenwich Mean Time),c,,,4447,,,602,London,TCS London Marathon,Sun Apr 23 2023 00:00:00 GMT+0100 (British Summer Time)
2022 V45 St. Theresa's,,,,,,,,,,,
Event,Perf,,,,Pos,,,,Venue,Meeting,Date
2.75MMTL,Sat Dec 30 1899 16:32:00 GMT+0000 (Greenwich Mean Time),,,,26,L3,,7,Leeds,Golden Acre Relay,Tue Jul 12 2022 00:00:00 GMT+0100 (British Summer Time)
5K,Sat Dec 30 1899 19:29:00 GMT+0000 (Greenwich Mean Time),c,,,73,,,8,Leeds,Even Splits Leeds 5K Series,Wed Apr 27 2022 00:00:00 GMT+0100 (British Summer Time)
5K,Sat Dec 30 1899 19:51:00 GMT+0000 (Greenwich Mean Time),,,Sat Dec 30 1899 19:55:00 GMT+0000 (Greenwich Mean Time),58,,,9,Leeds,Even Splits Leeds 5K Series,Wed May 25 2022 00:00:00 GMT+0100 (British Summer Time)
5K,Sat Dec 30 1899 20:11:00 GMT+0000 (Greenwich Mean Time),,,Sat Dec 30 1899 20:12:00 GMT+0000 (Greenwich Mean Time),88,,,13,Leeds,Even Splits Leeds 5K Series,Wed Mar 23 2022 00:00:00 GMT+0000 (Greenwich Mean Time)
parkrun,Sat Dec 30 1899 18:43:00 GMT+0000 (Greenwich Mean Time),,,,13,,,,Albert,Albert parkrun # 701,Sat Dec 24 2022 00:00:00 GMT+0000 (Greenwich Mean Time)
parkrun,Sat Dec 30 1899 18:56:00 GMT+0000 (Greenwich Mean Time),,,,7,,,,Roberts Park,Roberts Park parkrun # 56,Sat Nov 26 2022 00:00:00 GMT+0000 (Greenwich Mean Time)
parkrun,Sat Dec 30 1899 18:57:00 GMT+0000 (Greenwich Mean Time),,,,6,,,,Selby,Selby parkrun # 167,Sat Aug 20 2022 00:00:00 GMT+0100 (British Summer Time)
parkrun,Sat Dec 30 1899 19:10:00 GMT+0000 (Greenwich Mean Time),,,,3,,,,Selby,Selby parkrun # 165,Sat Aug 06 2022 00:00:00 GMT+0100 (British Summer Time)
parkrun,Sat Dec 30 1899 19:16:00 GMT+0000 (Greenwich Mean Time),,,,7,,,1,Isabel Trail,Isabel Trail parkrun # 109,Sat Oct 15 2022 00:00:00 GMT+0100 (British Summer Time)
parkrun,Sat Dec 30 1899 19:16:00 GMT+0000 (Greenwich Mean Time),,,,5,,,1,Concord,Concord parkrun # 547,Sat Dec 03 2022 00:00:00 GMT+0000 (Greenwich Mean Time)
parkrun,Sat Dec 30 1899 19:22:00 GMT+0000 (Greenwich Mean Time),,,,20,,,,York,York parkrun # 416,Sat Jun 25 2022 00:00:00 GMT+0100 (British Summer Time)
parkrun,Sat Dec 30 1899 19:32:00 GMT+0000 (Greenwich Mean Time),,,,8,,,1,Fountains Abbey,Fountains Abbey parkrun # 346,Sat Jun 04 2022 00:00:00 GMT+0100 (British Summer Time)
parkrun,Sat Dec 30 1899 19:38:00 GMT+0000 (Greenwich Mean Time),,,,14,,,1,Rother Valley,Rother Valley parkrun # 340,Sat Apr 23 2022 00:00:00 GMT+0100 (British Summer Time)
parkrun,Sat Dec 30 1899 19:43:00 GMT+0000 (Greenwich Mean Time),,,,31,,,,Woodhouse Moor,Woodhouse Moor parkrun # 701,Sat May 07 2022 00:00:00 GMT+0100 (British Summer Time)
parkrun,Sat Dec 30 1899 19:55:00 GMT+0000 (Greenwich Mean Time),,,,6,,,1,Rothwell,Rothwell parkrun # 187,Sat Sep 03 2022 00:00:00 GMT+0100 (British Summer Time)
parkrun,Sat Dec 30 1899 19:57:00 GMT+0000 (Greenwich Mean Time),,,,6,,,,Clumber Park,Clumber Park parkrun # 404,Sat Nov 05 2022 00:00:00 GMT+0000 (Greenwich Mean Time)
parkrun,Sat Dec 30 1899 20:20:00 GMT+0000 (Greenwich Mean Time),,,,8,,,1,Barnsley,Barnsley parkrun # 540,Sat Sep 17 2022 00:00:00 GMT+0100 (British Summer Time)
parkrun,Sat Dec 30 1899 20:21:00 GMT+0000 (Greenwich Mean Time),,,,10,,,,Temple Newsam,Temple Newsam parkrun # 415,Sat Nov 12 2022 00:00:00 GMT+0000 (Greenwich Mean Time)
parkrun,Sat Dec 30 1899 20:43:00 GMT+0000 (Greenwich Mean Time),,,,2,,,1,Bowling Park,Bowling Park parkrun # 43,Sat Apr 30 2022 00:00:00 GMT+0100 (British Summer Time)
parkrun,Sat Dec 30 1899 20:48:00 GMT+0000 (Greenwich Mean Time),,,,21,,,,Rothwell,Rothwell parkrun # 163,Sat Mar 12 2022 00:00:00 GMT+0000 (Greenwich Mean Time)
parkrun,Sat Dec 30 1899 20:48:00 GMT+0000 (Greenwich Mean Time),,,,5,,,,New Earswick,New Earswick parkrun # 152,Sat Dec 17 2022 00:00:00 GMT+0000 (Greenwich Mean Time)
parkrun,Sat Dec 30 1899 20:54:00 GMT+0000 (Greenwich Mean Time),,,,6,,,,Middleton Woods,Middleton Woods parkrun # 137,Sat Jun 11 2022 00:00:00 GMT+0100 (British Summer Time)
parkrun,Sat Dec 30 1899 20:56:00 GMT+0000 (Greenwich Mean Time),,,,29,,,,Monsal Trail,Bakewell parkrun # 116,Sat Jan 01 2022 00:00:00 GMT+0000 (Greenwich Mean Time)
parkrun,Sat Dec 30 1899 21:17:00 GMT+0000 (Greenwich Mean Time),,,,32,,,,Huddersfield,Huddersfield parkrun # 476,Sat Jan 29 2022 00:00:00 GMT+0000 (Greenwich Mean Time)
parkrun,Sat Dec 30 1899 21:25:00 GMT+0000 (Greenwich Mean Time),,,,12,,,,Chevin Forest,Chevin Forest parkrun # 43,Sat Jul 09 2022 00:00:00 GMT+0100 (British Summer Time)
parkrun,Sat Dec 30 1899 21:32:00 GMT+0000 (Greenwich Mean Time),,,,53,,,,Woodhouse Moor,Woodhouse Moor parkrun # 702,Sat May 14 2022 00:00:00 GMT+0100 (British Summer Time)
parkrun,Sat Dec 30 1899 21:51:00 GMT+0000 (Greenwich Mean Time),,,,7,,,,Brandon Country Park,Brandon Country Park parkrun # 416,Sat Jun 18 2022 00:00:00 GMT+0100 (British Summer Time)
parkrun,Sat Dec 30 1899 22:05:00 GMT+0000 (Greenwich Mean Time),,,,28,,,,Wollaton Hall,Wollaton Hall parkrun # 56,Sat Jul 30 2022 00:00:00 GMT+0100 (British Summer Time)
parkrun,Sat Dec 30 1899 22:18:00 GMT+0000 (Greenwich Mean Time),,,,7,,,1,Roundshaw Downs,Roundshaw Downs parkrun # 641,Sat Nov 19 2022 00:00:00 GMT+0000 (Greenwich Mean Time)
parkrun,Sat Dec 30 1899 23:11:00 GMT+0000 (Greenwich Mean Time),,,,23,,,,Dewsbury,Dewsbury parkrun # 434,Sat Feb 19 2022 00:00:00 GMT+0000 (Greenwich Mean Time)
parkrun,Sat Dec 30 1899 23:17:00 GMT+0000 (Greenwich Mean Time),,,,28,,,,Temple Newsam,Temple Newsam parkrun # 397,Sat May 21 2022 00:00:00 GMT+0100 (British Summer Time)
parkrun,Sat Dec 30 1899 23:35:00 GMT+0000 (Greenwich Mean Time),,,,34,,,,Dallas Burston Polo Club,Dallas Burston Polo Club parkrun # 21,Sat Mar 19 2022 00:00:00 GMT+0000 (Greenwich Mean Time)
parkrun,Sat Dec 30 1899 23:35:00 GMT+0000 (Greenwich Mean Time),,,,44,,,,Mole Valley,Mole Valley parkrun # 145,Sat Mar 26 2022 00:00:00 GMT+0000 (Greenwich Mean Time)
parkrun,Sat Dec 30 1899 23:35:00 GMT+0000 (Greenwich Mean Time),,,,26,,,,Temple Newsam,Temple Newsam parkrun # 409,Sat Sep 24 2022 00:00:00 GMT+0100 (British Summer Time)
parkrun,Sat Dec 30 1899 23:43:00 GMT+0000 (Greenwich Mean Time),,,,15,,,,Shipley Country,Shipley Country parkrun # 207,Sat Aug 27 2022 00:00:00 GMT+0100 (British Summer Time)
parkrun,Sun Dec 31 1899 00:15:00 GMT+0000 (Greenwich Mean Time),,,,29,,,,Temple Newsam,Temple Newsam parkrun # 391,Sat Apr 02 2022 00:00:00 GMT+0100 (British Summer Time)
parkrun,Sun Dec 31 1899 00:19:00 GMT+0000 (Greenwich Mean Time),,,,10,,,,Hamsterley Forest,Hamsterley Forest parkrun # 19,Sat Apr 16 2022 00:00:00 GMT+0100 (British Summer Time)
parkrun,Sun Dec 31 1899 00:20:00 GMT+0000 (Greenwich Mean Time),,,,21,,,,Lyme Park,Lyme Park parkrun # 352,Sat May 28 2022 00:00:00 GMT+0100 (British Summer Time)
parkrun,Sun Dec 31 1899 00:24:00 GMT+0000 (Greenwich Mean Time),,,,27,,,,Myrtle,Myrtle parkrun # 100,Sat Jan 22 2022 00:00:00 GMT+0000 (Greenwich Mean Time)
parkrun,Sun Dec 31 1899 00:37:00 GMT+0000 (Greenwich Mean Time),,,,29,,,,Temple Newsam,Temple Newsam parkrun # 386,Sat Feb 26 2022 00:00:00 GMT+0000 (Greenwich Mean Time)
parkrun,Sun Dec 31 1899 00:53:00 GMT+0000 (Greenwich Mean Time),,,,13,,,,Flatts Lane,Flatts Lane parkrun # 181,Sat Sep 10 2022 00:00:00 GMT+0100 (British Summer Time)
parkrun,Sun Dec 31 1899 01:01:00 GMT+0000 (Greenwich Mean Time),,,,28,,,,Beverley Westwood,Beverley Westwood parkrun # 65,Sat Feb 12 2022 00:00:00 GMT+0000 (Greenwich Mean Time)
parkrun,Sun Dec 31 1899 01:25:00 GMT+0000 (Greenwich Mean Time),,,,22,,,,Temple Newsam,Temple Newsam parkrun # 379,Sat Jan 08 2022 00:00:00 GMT+0000 (Greenwich Mean Time)
parkrun,Sun Dec 31 1899 02:01:00 GMT+0000 (Greenwich Mean Time),,,,161,,,,Victoria Dock,Victoria Dock parkrun # 143,Sat Oct 01 2022 00:00:00 GMT+0100 (British Summer Time)
parkrun,Sun Dec 31 1899 02:04:00 GMT+0000 (Greenwich Mean Time),,,,43,,,,Temple Newsam,Temple Newsam parkrun # 419,Sat Dec 10 2022 00:00:00 GMT+0000 (Greenwich Mean Time)
parkrun,Sun Dec 31 1899 02:45:00 GMT+0000 (Greenwich Mean Time),,,,41,,,,Temple Newsam,Temple Newsam parkrun # 405,Sat Aug 13 2022 00:00:00 GMT+0100 (British Summer Time)
parkrun,Sun Dec 31 1899 02:45:00 GMT+0000 (Greenwich Mean Time),,,,56,,,,Rothwell,Rothwell parkrun # 204,Sun Dec 25 2022 00:00:00 GMT+0000 (Greenwich Mean Time)
parkrun,Sun Dec 31 1899 03:04:00 GMT+0000 (Greenwich Mean Time),,,,69,,,,Sherwood Pines,Sherwood Pines parkrun # 282,Sat Oct 22 2022 00:00:00 GMT+0100 (British Summer Time)
parkrun,Sun Dec 31 1899 03:18:00 GMT+0000 (Greenwich Mean Time),,,,20,,,,Whinlatter Forest,Whinlatter Forest parkrun # 135,Sat Mar 05 2022 00:00:00 GMT+0000 (Greenwich Mean Time)
parkrun,Sun Dec 31 1899 03:58:00 GMT+0000 (Greenwich Mean Time),,,,51,,,,Temple Newsam,Temple Newsam parkrun # 392,Sat Apr 09 2022 00:00:00 GMT+0100 (British Summer Time)
4.4MXC,Sun Dec 31 1899 12:23:00 GMT+0000 (Greenwich Mean Time),,,,234,,,38,Roundhay Park,PECO League,Sun Feb 20 2022 00:00:00 GMT+0000 (Greenwich Mean Time)
4.7MXC,Sun Dec 31 1899 10:18:00 GMT+0000 (Greenwich Mean Time),,,,151,,,25,Temple Newsam,PECO League,Sun Dec 18 2022 00:00:00 GMT+0000 (Greenwich Mean Time)
5MXC,Sun Dec 31 1899 11:41:00 GMT+0000 (Greenwich Mean Time),,,,247,,,43,Beckett Park,PECO League,Sun Jan 23 2022 00:00:00 GMT+0000 (Greenwich Mean Time)
10K,Sun Dec 31 1899 15:26:00 GMT+0000 (Greenwich Mean Time),,,Sun Dec 31 1899 16:53:00 GMT+0000 (Greenwich Mean Time),517,,,43,Leeds,Leeds Abbey Dash 10K,Sun Oct 23 2022 00:00:00 GMT+0100 (British Summer Time)
10K,Sun Dec 31 1899 17:55:00 GMT+0000 (Greenwich Mean Time),c,,,447,,,55,Dewsbury,Dewsbury 10K,Sun Feb 06 2022 00:00:00 GMT+0000 (Greenwich Mean Time)
10K,Sun Dec 31 1899 20:56:00 GMT+0000 (Greenwich Mean Time),,,Sun Dec 31 1899 21:00:00 GMT+0000 (Greenwich Mean Time),73,,,23,Selby,Wistow 10K,Sun Oct 30 2022 00:00:00 GMT+0100 (British Summer Time)
10KMT,Sun Dec 31 1899 21:00:00 GMT+0000 (Greenwich Mean Time),,,Sun Dec 31 1899 21:04:00 GMT+0000 (Greenwich Mean Time),52,,,17,Ripon,Fountains 10K,Sun May 15 2022 00:00:00 GMT+0100 (British Summer Time)
10KMT,Sun Dec 31 1899 22:12:00 GMT+0000 (Greenwich Mean Time),,,Sun Dec 31 1899 22:14:00 GMT+0000 (Greenwich Mean Time),24,,,5,Burton Leonard,Burton Leonard 10K,Sun Jun 12 2022 00:00:00 GMT+0100 (British Summer Time)
10KMT,Sun Dec 31 1899 22:58:00 GMT+0000 (Greenwich Mean Time),,,Sun Dec 31 1899 23:01:00 GMT+0000 (Greenwich Mean Time),15,,,5,Leeds,South Leeds Bah Humbug 10K,Sun Dec 11 2022 00:00:00 GMT+0000 (Greenwich Mean Time)
10KMT,Mon Jan 01 1900 05:43:00 GMT+0000 (Greenwich Mean Time),,,Mon Jan 01 1900 05:51:00 GMT+0000 (Greenwich Mean Time),77,,,10,Harrogate,Rudding ParkRace 10K,Tue May 10 2022 00:00:00 GMT+0100 (British Summer Time)
9M,Mon Jan 01 1900 16:29:00 GMT+0000 (Greenwich Mean Time),,,,96,,,15,Norton,Norton 9,Sun Mar 06 2022 00:00:00 GMT+0000 (Greenwich Mean Time)
10M,Tue Jan 02 1900 00:17:00 GMT+0000 (Greenwich Mean Time),,,Tue Jan 02 1900 00:42:00 GMT+0000 (Greenwich Mean Time),236,,,36,Pocklington,Snake Lane 10,Sun Feb 27 2022 00:00:00 GMT+0000 (Greenwich Mean Time)
10M,Tue Jan 02 1900 12:24:00 GMT+0000 (Greenwich Mean Time),,,Tue Jan 02 1900 14:16:00 GMT+0000 (Greenwich Mean Time),518,,,119,York,Yorkshire 10,Sun Oct 16 2022 00:00:00 GMT+0100 (British Summer Time)
10MMT,Tue Jan 02 1900 12:13:00 GMT+0000 (Greenwich Mean Time),c,,,181,,,29,Leeds,Temple Newsam 10,Sun Jan 09 2022 00:00:00 GMT+0000 (Greenwich Mean Time)
HM,Tue Jan 02 1900 22:29:00 GMT+0000 (Greenwich Mean Time),,,Tue Jan 02 1900 23:21:00 GMT+0000 (Greenwich Mean Time),272,,,65,Leeds,Leeds Half Marathon,Sun May 08 2022 00:00:00 GMT+0100 (British Summer Time)
HM,Sat Dec 30 1899 01:41:08 GMT+0000 (Greenwich Mean Time),c,,,687,,,101,York,Brass Monkey Half Marathon,Sun Jan 16 2022 00:00:00 GMT+0000 (Greenwich Mean Time)
Mar,Sat Dec 30 1899 03:25:59 GMT+0000 (Greenwich Mean Time),c,,,4961,,,693,London,TCS London Marathon,Sun Oct 02 2022 00:00:00 GMT+0100 (British Summer Time)
2021 V40 St. Theresa's,,,,,,,,,,,
Event,Perf,,,,Pos,,,,Venue,Meeting,Date
parkrun,Sat Dec 30 1899 20:32:00 GMT+0000 (Greenwich Mean Time),,,,82,,,,Bushy Park,Bushy Park parkrun # 852,Sat Nov 20 2021 00:00:00 GMT+0000 (Greenwich Mean Time)
parkrun,Sat Dec 30 1899 21:01:00 GMT+0000 (Greenwich Mean Time),,,,39,,,,Hull,Hull parkrun # 540,Sat Oct 16 2021 00:00:00 GMT+0100 (British Summer Time)
parkrun,Sat Dec 30 1899 21:48:00 GMT+0000 (Greenwich Mean Time),,,,22,,,,Rothwell,Rothwell parkrun # 140,Sat Sep 18 2021 00:00:00 GMT+0100 (British Summer Time)
parkrun,Sat Dec 30 1899 21:49:00 GMT+0000 (Greenwich Mean Time),,,,12,,,,Temple Newsam,Temple Newsam parkrun # 374,Sat Nov 13 2021 00:00:00 GMT+0000 (Greenwich Mean Time)
parkrun,Sat Dec 30 1899 21:56:00 GMT+0000 (Greenwich Mean Time),,,,20,,,,Potternewton,Potternewton parkrun # 76,Sat Oct 02 2021 00:00:00 GMT+0100 (British Summer Time)
parkrun,Sat Dec 30 1899 22:10:00 GMT+0000 (Greenwich Mean Time),,,,13,,,,Selby,Selby parkrun # 115,Sat Jul 31 2021 00:00:00 GMT+0100 (British Summer Time)
parkrun,Sat Dec 30 1899 22:32:00 GMT+0000 (Greenwich Mean Time),,,,5,,,,Frickley Country,Frickley Country parkrun # 83,Sat Dec 04 2021 00:00:00 GMT+0000 (Greenwich Mean Time)
parkrun,Sat Dec 30 1899 22:48:00 GMT+0000 (Greenwich Mean Time),,,,18,,,,Delamere,Delamere parkrun # 357,Sat Sep 11 2021 00:00:00 GMT+0100 (British Summer Time)
parkrun,Sat Dec 30 1899 23:39:00 GMT+0000 (Greenwich Mean Time),,,,54,,,,Upton House,Upton House parkrun # 146,Sat Aug 14 2021 00:00:00 GMT+0100 (British Summer Time)
parkrun,Sat Dec 30 1899 23:48:00 GMT+0000 (Greenwich Mean Time),,,,29,,,,Wetherby,Wetherby parkrun # 229,Sat Sep 04 2021 00:00:00 GMT+0100 (British Summer Time)
parkrun,Sun Dec 31 1899 01:13:00 GMT+0000 (Greenwich Mean Time),,,,20,,,,Watergrove,Watergrove parkrun # 307,Sat Dec 18 2021 00:00:00 GMT+0000 (Greenwich Mean Time)
parkrun,Sun Dec 31 1899 01:27:00 GMT+0000 (Greenwich Mean Time),,,,34,,,,Temple Newsam,Temple Newsam parkrun # 366,Sat Aug 28 2021 00:00:00 GMT+0100 (British Summer Time)
parkrun,Sun Dec 31 1899 01:39:00 GMT+0000 (Greenwich Mean Time),,,,139,,,,Roundhay,Roundhay parkrun # 486,Sat Dec 25 2021 00:00:00 GMT+0000 (Greenwich Mean Time)
parkrun,Sun Dec 31 1899 02:11:00 GMT+0000 (Greenwich Mean Time),,,,40,,,,Temple Newsam,Temple Newsam parkrun # 377,Sat Dec 11 2021 00:00:00 GMT+0000 (Greenwich Mean Time)
parkrun,Sun Dec 31 1899 03:29:00 GMT+0000 (Greenwich Mean Time),,,,47,,,,Temple Newsam,Temple Newsam parkrun # 372,Sat Oct 30 2021 00:00:00 GMT+0100 (British Summer Time)
parkrun,Sun Dec 31 1899 03:46:00 GMT+0000 (Greenwich Mean Time),,,,57,,,,Cusworth Hall,Cusworth Hall parkrun # 39,Sat Nov 06 2021 00:00:00 GMT+0000 (Greenwich Mean Time)
parkrun,Sun Dec 31 1899 04:36:00 GMT+0000 (Greenwich Mean Time),,,,110,,,,Chevin Forest,Chevin Forest parkrun # 5,Sat Sep 25 2021 00:00:00 GMT+0100 (British Summer Time)
parkrun,Sun Dec 31 1899 05:29:00 GMT+0000 (Greenwich Mean Time),,,,75,,,,Temple Newsam,Temple Newsam parkrun # 364,Sat Aug 07 2021 00:00:00 GMT+0100 (British Summer Time)
parkrun,Sun Dec 31 1899 05:54:00 GMT+0000 (Greenwich Mean Time),,,,47,,,,Conyngham Hall,Conyngham Hall parkrun # 45,Sat Aug 21 2021 00:00:00 GMT+0100 (British Summer Time)
parkrun,Sun Dec 31 1899 06:36:00 GMT+0000 (Greenwich Mean Time),,,,100,,,,Temple Newsam,Temple Newsam parkrun # 362,Sat Jul 24 2021 00:00:00 GMT+0100 (British Summer Time)
8KMT,Sun Dec 31 1899 19:44:00 GMT+0000 (Greenwich Mean Time),c,,,71,,,25,Aberford,Lotherton Hall 8K,Fri Aug 06 2021 00:00:00 GMT+0100 (British Summer Time)
5MXC,Sun Dec 31 1899 14:40:00 GMT+0000 (Greenwich Mean Time),,,,248,,,45,Temple Newsam,PECO League,Sun Dec 05 2021 00:00:00 GMT+0000 (Greenwich Mean Time)
5MXC,Sun Dec 31 1899 15:29:00 GMT+0000 (Greenwich Mean Time),,,,198,,,38,Middleton Park,PECO League,Sun Dec 19 2021 00:00:00 GMT+0000 (Greenwich Mean Time)
5MXC,Sun Dec 31 1899 18:44:00 GMT+0000 (Greenwich Mean Time),,,,295,,,54,Middleton Park,PECO League,Sun Nov 14 2021 00:00:00 GMT+0000 (Greenwich Mean Time)
10K,Sun Dec 31 1899 19:36:00 GMT+0000 (Greenwich Mean Time),,,Sun Dec 31 1899 20:18:00 GMT+0000 (Greenwich Mean Time),556,,,43,Leeds,Age UK Leeds Abbey Dash 10K,Sun Oct 24 2021 00:00:00 GMT+0100 (British Summer Time)
10KMT,Mon Jan 01 1900 01:14:00 GMT+0000 (Greenwich Mean Time),,,Mon Jan 01 1900 01:21:00 GMT+0000 (Greenwich Mean Time),115,,,33,Escrick,Escrick 10K,Sun Aug 22 2021 00:00:00 GMT+0100 (British Summer Time)
7MMT,Mon Jan 01 1900 14:09:00 GMT+0000 (Greenwich Mean Time),,,Mon Jan 01 1900 14:25:00 GMT+0000 (Greenwich Mean Time),383,,,51,Guiseley,Chevin Chase 7,Sun Dec 26 2021 00:00:00 GMT+0000 (Greenwich Mean Time)
10M,Tue Jan 02 1900 10:03:00 GMT+0000 (Greenwich Mean Time),,,Tue Jan 02 1900 10:44:00 GMT+0000 (Greenwich Mean Time),219,,,29,Harrogate,Guy Fawkes 10,Sun Nov 07 2021 00:00:00 GMT+0000 (Greenwich Mean Time)
10M,Tue Jan 02 1900 16:23:00 GMT+0000 (Greenwich Mean Time),c,,,426,,,61,Leeds,Hollybank Eccup 10,Sun Jun 27 2021 00:00:00 GMT+0100 (British Summer Time)
2020 V40 St. Theresa's,,,,,,,,,,,
Event,Perf,,,,Pos,,,,Venue,Meeting,Date
parkrun,Sun Dec 31 1899 00:45:00 GMT+0000 (Greenwich Mean Time),,,,95,,,,"Lister Park, Bradford",Bradford parkrun # 500,Sat Mar 07 2020 00:00:00 GMT+0000 (Greenwich Mean Time)
parkrun,Sun Dec 31 1899 01:28:00 GMT+0000 (Greenwich Mean Time),,,,67,,,,Dalby Forest,Dalby Forest parkrun # 199,Sat Feb 08 2020 00:00:00 GMT+0000 (Greenwich Mean Time)
parkrun,Sun Dec 31 1899 02:51:00 GMT+0000 (Greenwich Mean Time),,,,56,,,,Temple Newsam,Temple Newsam parkrun # 361,Sat Mar 14 2020 00:00:00 GMT+0000 (Greenwich Mean Time)
parkrun,Sun Dec 31 1899 03:38:00 GMT+0000 (Greenwich Mean Time),,,,201,,,,Huddersfield,Huddersfield parkrun # 448,Sat Feb 29 2020 00:00:00 GMT+0000 (Greenwich Mean Time)
parkrun,Sun Dec 31 1899 03:42:00 GMT+0000 (Greenwich Mean Time),,,,89,,,,Horton Park,Horton Park parkrun # 240,Wed Jan 01 2020 00:00:00 GMT+0000 (Greenwich Mean Time)
parkrun,Sun Dec 31 1899 04:19:00 GMT+0000 (Greenwich Mean Time),,,,196,,,,Temple Newsam,Temple Newsam parkrun # 350,Wed Jan 01 2020 00:00:00 GMT+0000 (Greenwich Mean Time)
parkrun,Sun Dec 31 1899 06:50:00 GMT+0000 (Greenwich Mean Time),,,,98,,,,Temple Newsam,Temple Newsam parkrun # 358,Sat Feb 22 2020 00:00:00 GMT+0000 (Greenwich Mean Time)
parkrun,Sun Dec 31 1899 08:47:00 GMT+0000 (Greenwich Mean Time),,,,374,,,,York,York parkrun # 370,Sat Feb 15 2020 00:00:00 GMT+0000 (Greenwich Mean Time)
2019 V40 St. Theresa's,,,,,,,,,,,
Event,Perf,,,,Pos,,,,Venue,Meeting,Date
2.75MMTL,Sat Dec 30 1899 22:01:00 GMT+0000 (Greenwich Mean Time),,,,97,L2,,,Leeds,Golden Acre Relay,Tue Jul 16 2019 00:00:00 GMT+0100 (British Summer Time)
parkrun,Sat Dec 30 1899 22:28:00 GMT+0000 (Greenwich Mean Time),,,,95,,,,York,York parkrun # 358,Sat Dec 07 2019 00:00:00 GMT+0000 (Greenwich Mean Time)
parkrun,Sat Dec 30 1899 22:37:00 GMT+0000 (Greenwich Mean Time),,,,47,,,,Rother Valley,Rother Valley parkrun # 273,Sat Jun 22 2019 00:00:00 GMT+0100 (British Summer Time)
parkrun,Sat Dec 30 1899 23:07:00 GMT+0000 (Greenwich Mean Time),,,,85,,,,Heslington,Heslington parkrun # 74,Sat Jul 27 2019 00:00:00 GMT+0100 (British Summer Time)
parkrun,Sat Dec 30 1899 23:11:00 GMT+0000 (Greenwich Mean Time),,,,28,,,,Rothwell,Rothwell parkrun # 107,Sat Oct 05 2019 00:00:00 GMT+0100 (British Summer Time)
parkrun,Sat Dec 30 1899 23:22:00 GMT+0000 (Greenwich Mean Time),,,,61,,,,Rothwell,Rothwell parkrun # 89,Sat May 25 2019 00:00:00 GMT+0100 (British Summer Time)
parkrun,Sat Dec 30 1899 23:30:00 GMT+0000 (Greenwich Mean Time),,,,43,,,,Armley,Armley parkrun # 58,Sat Aug 03 2019 00:00:00 GMT+0100 (British Summer Time)
parkrun,Sat Dec 30 1899 23:41:00 GMT+0000 (Greenwich Mean Time),,,,51,,,,Rothwell,Rothwell parkrun # 88,Sat May 18 2019 00:00:00 GMT+0100 (British Summer Time)
parkrun,Sat Dec 30 1899 23:43:00 GMT+0000 (Greenwich Mean Time),,,,30,,,,Potternewton,Potternewton parkrun # 43,Sat Sep 21 2019 00:00:00 GMT+0100 (British Summer Time)
parkrun,Sat Dec 30 1899 23:47:00 GMT+0000 (Greenwich Mean Time),,,,33,,,,Nostell,Nostell Priory parkrun # 248,Sat Jun 01 2019 00:00:00 GMT+0100 (British Summer Time)
parkrun,Sat Dec 30 1899 23:56:00 GMT+0000 (Greenwich Mean Time),,,,45,,,,Rothwell,Rothwell parkrun # 85,Sat Apr 27 2019 00:00:00 GMT+0100 (British Summer Time)
parkrun,Sat Dec 30 1899 23:57:00 GMT+0000 (Greenwich Mean Time),,,,97,,,,Woodhouse Moor,Woodhouse Moor parkrun # 619,Sat Jun 15 2019 00:00:00 GMT+0100 (British Summer Time)
parkrun,Sun Dec 31 1899 00:08:00 GMT+0000 (Greenwich Mean Time),,,,16,,,,Temple Newsam,Temple Newsam parkrun # 342,Sat Nov 02 2019 00:00:00 GMT+0000 (Greenwich Mean Time)
parkrun,Sun Dec 31 1899 00:18:00 GMT+0000 (Greenwich Mean Time),,,,39,,,,Castle Howard,Castle Howard parkrun # 9,Sat Nov 09 2019 00:00:00 GMT+0000 (Greenwich Mean Time)
parkrun,Sun Dec 31 1899 00:35:00 GMT+0000 (Greenwich Mean Time),,,,25,,,,Temple Newsam,Temple Newsam parkrun # 324,Sat Jun 29 2019 00:00:00 GMT+0100 (British Summer Time)
parkrun,Sun Dec 31 1899 00:57:00 GMT+0000 (Greenwich Mean Time),,,,95,,,,Fell Foot,Fell Foot parkrun # 231,Sat Jul 13 2019 00:00:00 GMT+0100 (British Summer Time)
parkrun,Sun Dec 31 1899 01:29:00 GMT+0000 (Greenwich Mean Time),,,,69,,,,Temple Newsam,Temple Newsam parkrun # 314,Sat Apr 06 2019 00:00:00 GMT+0100 (British Summer Time)
parkrun,Sun Dec 31 1899 02:07:00 GMT+0000 (Greenwich Mean Time),,,,64,,,,Temple Newsam,Temple Newsam parkrun # 316,Sat Apr 20 2019 00:00:00 GMT+0100 (British Summer Time)
parkrun,Sun Dec 31 1899 02:34:00 GMT+0000 (Greenwich Mean Time),,,,42,,,,Potternewton,Potternewton parkrun # 15,Sat Mar 02 2019 00:00:00 GMT+0000 (Greenwich Mean Time)
parkrun,Sun Dec 31 1899 03:00:00 GMT+0000 (Greenwich Mean Time),,,,48,,,,Temple Newsam,Temple Newsam parkrun # 332,Sat Aug 24 2019 00:00:00 GMT+0100 (British Summer Time)
parkrun,Sun Dec 31 1899 03:09:00 GMT+0000 (Greenwich Mean Time),,,,53,,,,Millfield,Millfield parkrun # 12,Sat Sep 07 2019 00:00:00 GMT+0100 (British Summer Time)
parkrun,Sun Dec 31 1899 03:09:00 GMT+0000 (Greenwich Mean Time),,,,116,,,,Harrogate,Harrogate parkrun # 411,Sat Nov 23 2019 00:00:00 GMT+0000 (Greenwich Mean Time)
parkrun,Sun Dec 31 1899 03:09:00 GMT+0000 (Greenwich Mean Time),,,,82,,,,Temple Newsam,Temple Newsam parkrun # 349,Sat Dec 28 2019 00:00:00 GMT+0000 (Greenwich Mean Time)
parkrun,Sun Dec 31 1899 03:10:00 GMT+0000 (Greenwich Mean Time),,,,49,,,,Bramley,Bramley parkrun # 206,Sat Oct 12 2019 00:00:00 GMT+0100 (British Summer Time)
parkrun,Sun Dec 31 1899 03:22:00 GMT+0000 (Greenwich Mean Time),,,,55,,,,Temple Newsam,Temple Newsam parkrun # 311,Sat Mar 09 2019 00:00:00 GMT+0000 (Greenwich Mean Time)
parkrun,Sun Dec 31 1899 04:10:00 GMT+0000 (Greenwich Mean Time),,,,90,,,,Temple Newsam,Temple Newsam parkrun # 312,Sat Mar 23 2019 00:00:00 GMT+0000 (Greenwich Mean Time)
parkrun,Sun Dec 31 1899 04:23:00 GMT+0000 (Greenwich Mean Time),,,,96,,,,Temple Newsam,Temple Newsam parkrun # 321,Sat Jun 08 2019 00:00:00 GMT+0100 (British Summer Time)
parkrun,Sun Dec 31 1899 04:45:00 GMT+0000 (Greenwich Mean Time),,,,92,,,,Temple Newsam,Temple Newsam parkrun # 341,Sat Oct 26 2019 00:00:00 GMT+0100 (British Summer Time)
parkrun,Sun Dec 31 1899 04:49:00 GMT+0000 (Greenwich Mean Time),,,,89,,,,Temple Newsam,Temple Newsam parkrun # 344,Sat Nov 16 2019 00:00:00 GMT+0000 (Greenwich Mean Time)
parkrun,Sun Dec 31 1899 05:10:00 GMT+0000 (Greenwich Mean Time),,,,60,,,,Temple Newsam,Temple Newsam parkrun # 337,Sat Sep 28 2019 00:00:00 GMT+0100 (British Summer Time)
parkrun,Sun Dec 31 1899 05:40:00 GMT+0000 (Greenwich Mean Time),,,,91,,,,Temple Newsam,Temple Newsam parkrun # 333,Sat Aug 31 2019 00:00:00 GMT+0100 (British Summer Time)
parkrun,Sun Dec 31 1899 05:58:00 GMT+0000 (Greenwich Mean Time),,,,76,,,,Temple Newsam,Temple Newsam parkrun # 325,Sat Jul 06 2019 00:00:00 GMT+0100 (British Summer Time)
parkrun,Sun Dec 31 1899 06:11:00 GMT+0000 (Greenwich Mean Time),,,,105,,,,Temple Newsam,Temple Newsam parkrun # 330,Sat Aug 10 2019 00:00:00 GMT+0100 (British Summer Time)
parkrun,Sun Dec 31 1899 06:19:00 GMT+0000 (Greenwich Mean Time),,,,115,,,,Wakefield Thornes,Wakefield Thornes parkrun # 257,Sat Dec 14 2019 00:00:00 GMT+0000 (Greenwich Mean Time)
parkrun,Sun Dec 31 1899 06:42:00 GMT+0000 (Greenwich Mean Time),,,,125,,,,Temple Newsam,Temple Newsam parkrun # 313,Sat Mar 30 2019 00:00:00 GMT+0000 (Greenwich Mean Time)
parkrun,Sun Dec 31 1899 07:01:00 GMT+0000 (Greenwich Mean Time),,,,110,,,,Temple Newsam,Temple Newsam parkrun # 340,Sat Oct 19 2019 00:00:00 GMT+0100 (British Summer Time)
parkrun,Sun Dec 31 1899 07:32:00 GMT+0000 (Greenwich Mean Time),,,,89,,,,Temple Newsam,Temple Newsam parkrun # 345,Sat Nov 30 2019 00:00:00 GMT+0000 (Greenwich Mean Time)
parkrun,Sun Dec 31 1899 07:44:00 GMT+0000 (Greenwich Mean Time),,,,114,,,,Temple Newsam,Temple Newsam parkrun # 348,Sat Dec 21 2019 00:00:00 GMT+0000 (Greenwich Mean Time)
4.7MXC,Sun Dec 31 1899 20:18:00 GMT+0000 (Greenwich Mean Time),,,,541,,,60,Middleton Park,PECO League,Sun Dec 15 2019 00:00:00 GMT+0000 (Greenwich Mean Time)
5MXC,Sun Dec 31 1899 18:45:00 GMT+0000 (Greenwich Mean Time),,,,412,,,73,Temple Newsam,PECO League,Sun Nov 24 2019 00:00:00 GMT+0000 (Greenwich Mean Time)
SHORT10K,Mon Jan 01 1900 00:05:00 GMT+0000 (Greenwich Mean Time),,,Mon Jan 01 1900 02:31:00 GMT+0000 (Greenwich Mean Time),1613,,,194,Leeds,Age UK Leeds Abbey Dash 10K (23m Short),Sun Oct 27 2019 00:00:00 GMT+0100 (British Summer Time)
10KMT,Mon Jan 01 1900 01:04:00 GMT+0000 (Greenwich Mean Time),,,Mon Jan 01 1900 01:12:00 GMT+0000 (Greenwich Mean Time),145,,,38,Oulton,St Aidan's 10K,Fri Jul 05 2019 00:00:00 GMT+0100 (British Summer Time)
10KMT,Mon Jan 01 1900 03:38:00 GMT+0000 (Greenwich Mean Time),,,Mon Jan 01 1900 03:49:00 GMT+0000 (Greenwich Mean Time),185,,,52,Escrick,Escrick 10K,Sun Aug 18 2019 00:00:00 GMT+0100 (British Summer Time)
10KMT,Mon Jan 01 1900 09:44:00 GMT+0000 (Greenwich Mean Time),,,Mon Jan 01 1900 09:59:00 GMT+0000 (Greenwich Mean Time),304,,,45,Apperley Bridge,Apperley Bridge Canter 10K,Thu May 30 2019 00:00:00 GMT+0100 (British Summer Time)
8.7MMT,Tue Jan 02 1900 02:18:00 GMT+0000 (Greenwich Mean Time),,,,102,,,11,Goole,Goole River Bank Challenge 8.7,Sun Jun 09 2019 00:00:00 GMT+0100 (British Summer Time)
10M,Tue Jan 02 1900 13:47:00 GMT+0000 (Greenwich Mean Time),,,Tue Jan 02 1900 14:04:00 GMT+0000 (Greenwich Mean Time),516,,,60,Rufforth,Vale of York 10,Sun Apr 14 2019 00:00:00 GMT+0100 (British Summer Time)
10M,Tue Jan 02 1900 17:26:00 GMT+0000 (Greenwich Mean Time),,,Tue Jan 02 1900 17:48:00 GMT+0000 (Greenwich Mean Time),370,,,49,Tadcaster,Tadcaster 10,Sun Nov 17 2019 00:00:00 GMT+0000 (Greenwich Mean Time)
10MMT,Sat Dec 30 1899 01:59:35 GMT+0000 (Greenwich Mean Time),,,,340,,,27,Halifax,Bluebell Trail 10,Sun May 05 2019 00:00:00 GMT+0100 (British Summer Time)
HM,Sat Dec 30 1899 02:00:46 GMT+0000 (Greenwich Mean Time),,,Sat Dec 30 1899 02:01:56 GMT+0000 (Greenwich Mean Time),516,,,62,Redcar,Redcar Running Festival Half Marathon,Sun Sep 29 2019 00:00:00 GMT+0100 (British Summer Time)
HM,Sat Dec 30 1899 02:09:35 GMT+0000 (Greenwich Mean Time),,,Sat Dec 30 1899 02:10:30 GMT+0000 (Greenwich Mean Time),1060,,,131,Sherburn in Elmet,Vale of York Half Marathon,Sun Sep 15 2019 00:00:00 GMT+0100 (British Summer Time)
HM,Sat Dec 30 1899 02:01:01 GMT+0000 (Greenwich Mean Time),,,Sat Dec 30 1899 02:15:34 GMT+0000 (Greenwich Mean Time),2784,,,290,Leeds,Asda Foundation Leeds Half Marathon,Sun May 12 2019 00:00:00 GMT+0100 (British Summer Time)
2018 V40 St. Theresa's,,,,,,,,,,,
Event,Perf,,,,Pos,,,,Venue,Meeting,Date
parkrun,Sat Dec 30 1899 23:27:00 GMT+0000 (Greenwich Mean Time),,,,39,,,,Dalby Forest,Dalby Forest parkrun # 126,Sat Sep 08 2018 00:00:00 GMT+0100 (British Summer Time)
parkrun,Sat Dec 30 1899 23:53:00 GMT+0000 (Greenwich Mean Time),,,,25,,,,Cross Flatts,Cross Flatts parkrun # 269,Sat Jul 21 2018 00:00:00 GMT+0100 (British Summer Time)
parkrun,Sun Dec 31 1899 00:05:00 GMT+0000 (Greenwich Mean Time),,,,48,,,,Rothwell,Rothwell parkrun # 48,Sat Aug 18 2018 00:00:00 GMT+0100 (British Summer Time)
parkrun,Sun Dec 31 1899 00:07:00 GMT+0000 (Greenwich Mean Time),,,,64,,,,Banstead Woods,Banstead Woods parkrun # 587,Sat Aug 25 2018 00:00:00 GMT+0100 (British Summer Time)
parkrun,Sun Dec 31 1899 00:14:00 GMT+0000 (Greenwich Mean Time),,,,32,,,,Temple Newsam,Temple Newsam parkrun # 290,Sat Oct 20 2018 00:00:00 GMT+0100 (British Summer Time)
parkrun,Sun Dec 31 1899 00:18:00 GMT+0000 (Greenwich Mean Time),,,,13,,,,Middleton Woods,Middleton Woods parkrun # 24,Sat Oct 06 2018 00:00:00 GMT+0100 (British Summer Time)
parkrun,Sun Dec 31 1899 00:21:00 GMT+0000 (Greenwich Mean Time),,,,104,,,,Woodhouse Moor,Woodhouse Moor parkrun # 569,Sat Jul 14 2018 00:00:00 GMT+0100 (British Summer Time)
parkrun,Sun Dec 31 1899 00:23:00 GMT+0000 (Greenwich Mean Time),,,,83,,,,Roundhay,Roundhay parkrun # 386,Sat Sep 15 2018 00:00:00 GMT+0100 (British Summer Time)
parkrun,Sun Dec 31 1899 00:27:00 GMT+0000 (Greenwich Mean Time),,,,37,,,,Temple Newsam,Temple Newsam parkrun # 281,Sat Aug 11 2018 00:00:00 GMT+0100 (British Summer Time)
parkrun,Sun Dec 31 1899 00:29:00 GMT+0000 (Greenwich Mean Time),,,,84,,,,Pontefract,Pontefract parkrun # 365,Sat Jun 02 2018 00:00:00 GMT+0100 (British Summer Time)
parkrun,Sun Dec 31 1899 00:30:00 GMT+0000 (Greenwich Mean Time),,,,28,,,,Temple Newsam,Temple Newsam parkrun # 292,Sat Nov 03 2018 00:00:00 GMT+0000 (Greenwich Mean Time)
parkrun,Sun Dec 31 1899 00:57:00 GMT+0000 (Greenwich Mean Time),,,,45,,,,Oakwell Hall,Oakwell Hall parkrun # 199,Sat Aug 04 2018 00:00:00 GMT+0100 (British Summer Time)
parkrun,Sun Dec 31 1899 02:08:00 GMT+0000 (Greenwich Mean Time),,,,52,,,,Temple Newsam,Temple Newsam parkrun # 274,Sat Jun 23 2018 00:00:00 GMT+0100 (British Summer Time)
parkrun,Sun Dec 31 1899 02:12:00 GMT+0000 (Greenwich Mean Time),,,,54,,,,Temple Newsam,Temple Newsam parkrun # 272,Sat May 26 2018 00:00:00 GMT+0100 (British Summer Time)
parkrun,Sun Dec 31 1899 02:24:00 GMT+0000 (Greenwich Mean Time),,,,60,,,,Temple Newsam,Temple Newsam parkrun # 299,Sat Dec 22 2018 00:00:00 GMT+0000 (Greenwich Mean Time)
parkrun,Sun Dec 31 1899 02:26:00 GMT+0000 (Greenwich Mean Time),,,,62,,,,Temple Newsam,Temple Newsam parkrun # 268,Sat Apr 21 2018 00:00:00 GMT+0100 (British Summer Time)
parkrun,Sun Dec 31 1899 02:47:00 GMT+0000 (Greenwich Mean Time),,,,33,,,,Middleton Woods,Middleton Woods parkrun # 3,Sat May 12 2018 00:00:00 GMT+0100 (British Summer Time)
parkrun,Sun Dec 31 1899 02:50:00 GMT+0000 (Greenwich Mean Time),,,,57,,,,Temple Newsam,Temple Newsam parkrun # 294,Sat Nov 17 2018 00:00:00 GMT+0000 (Greenwich Mean Time)
parkrun,Sun Dec 31 1899 02:59:00 GMT+0000 (Greenwich Mean Time),,,,45,,,,Temple Newsam,Temple Newsam parkrun # 291,Sat Oct 27 2018 00:00:00 GMT+0100 (British Summer Time)
parkrun,Sun Dec 31 1899 03:12:00 GMT+0000 (Greenwich Mean Time),,,,81,,,,Temple Newsam,Temple Newsam parkrun # 300,Sat Dec 29 2018 00:00:00 GMT+0000 (Greenwich Mean Time)
parkrun,Sun Dec 31 1899 04:12:00 GMT+0000 (Greenwich Mean Time),,,,95,,,,Rothwell,Rothwell parkrun # 53,Sat Sep 22 2018 00:00:00 GMT+0100 (British Summer Time)
parkrun,Sun Dec 31 1899 05:13:00 GMT+0000 (Greenwich Mean Time),,,,111,,,,Temple Newsam,Temple Newsam parkrun # 263,Sat Mar 10 2018 00:00:00 GMT+0000 (Greenwich Mean Time)
4.5MXC,Sun Dec 31 1899 20:10:00 GMT+0000 (Greenwich Mean Time),,,,452,,,68,Middleton Park,PECO League,Sun Nov 25 2018 00:00:00 GMT+0000 (Greenwich Mean Time)
5M,Sun Dec 31 1899 20:53:00 GMT+0000 (Greenwich Mean Time),,,Sun Dec 31 1899 21:10:00 GMT+0000 (Greenwich Mean Time),145,,,38,Bradford,Firefighters 5,Sun Aug 12 2018 00:00:00 GMT+0100 (British Summer Time)
10K,Mon Jan 01 1900 04:22:00 GMT+0000 (Greenwich Mean Time),,,Mon Jan 01 1900 06:04:00 GMT+0000 (Greenwich Mean Time),1064,,,212,Leeds,Asda Foundation Leeds 10K,Sun Jul 08 2018 00:00:00 GMT+0100 (British Summer Time)
10K,Mon Jan 01 1900 04:09:00 GMT+0000 (Greenwich Mean Time),,,Mon Jan 01 1900 06:29:00 GMT+0000 (Greenwich Mean Time),1229,,,227,York,Asda Foundation York 10K,Sun Aug 05 2018 00:00:00 GMT+0100 (British Summer Time)
10KMT,Mon Jan 01 1900 04:35:00 GMT+0000 (Greenwich Mean Time),,,Mon Jan 01 1900 04:58:00 GMT+0000 (Greenwich Mean Time),153,,,49,Swillington,East Leeds 10K,Fri Jul 06 2018 00:00:00 GMT+0100 (British Summer Time)
10KMT,Mon Jan 01 1900 10:19:00 GMT+0000 (Greenwich Mean Time),,,,318,,,31,Apperley Bridge,Apperley Bridge Canter 10K,Thu May 31 2018 00:00:00 GMT+0100 (British Summer Time)
6.7MMT,Tue Jan 02 1900 00:20:00 GMT+0000 (Greenwich Mean Time),c,,,34,,,,Leeds,Grim Daffoldil Dash,Sat Mar 31 2018 00:00:00 GMT+0100 (British Summer Time)
10M,Tue Jan 02 1900 20:28:00 GMT+0000 (Greenwich Mean Time),,,Tue Jan 02 1900 21:16:00 GMT+0000 (Greenwich Mean Time),426,,,65,Leeds,Eccup 10,1 Ju